"JobID","JobName","State","array_offset","slurm_array_task_id"
"18732467_98","toar_regression_mda8_sub_1","TIMEOUT",1,"98"
"18732467_103","toar_regression_mda8_sub_1","TIMEOUT",1,"103"
"18732467_385","toar_regression_mda8_sub_1","TIMEOUT",1,"385"
"18732467_3571","toar_regression_mda8_sub_1","FAILED",1,"3571"
"18732467_3642","toar_regression_mda8_sub_1","FAILED",1,"3642"
"18732467_3648","toar_regression_mda8_sub_1","FAILED",1,"3648"
"18732467_5416","toar_regression_mda8_sub_1","TIMEOUT",1,"5416"
"18732467_5417","toar_regression_mda8_sub_1","TIMEOUT",1,"5417"
"18732467_5418","toar_regression_mda8_sub_1","TIMEOUT",1,"5418"
"18732467_5559","toar_regression_mda8_sub_1","TIMEOUT",1,"5559"
"18732467_5899","toar_regression_mda8_sub_1","TIMEOUT",1,"5899"
"18732467_6473","toar_regression_mda8_sub_1","TIMEOUT",1,"6473"
"18732467_6474","toar_regression_mda8_sub_1","TIMEOUT",1,"6474"
"18732467_6475","toar_regression_mda8_sub_1","TIMEOUT",1,"6475"
"18732467_6476","toar_regression_mda8_sub_1","TIMEOUT",1,"6476"
"18732467_6477","toar_regression_mda8_sub_1","TIMEOUT",1,"6477"
"18732467_6478","toar_regression_mda8_sub_1","TIMEOUT",1,"6478"
"18732467_6479","toar_regression_mda8_sub_1","TIMEOUT",1,"6479"
"18732467_6480","toar_regression_mda8_sub_1","TIMEOUT",1,"6480"
"18732467_6481","toar_regression_mda8_sub_1","TIMEOUT",1,"6481"
"18732467_6482","toar_regression_mda8_sub_1","TIMEOUT",1,"6482"
"18732467_6483","toar_regression_mda8_sub_1","TIMEOUT",1,"6483"
"18732467_6518","toar_regression_mda8_sub_1","TIMEOUT",1,"6518"
"18732467_7066","toar_regression_mda8_sub_1","FAILED",1,"7066"
"18732467_7137","toar_regression_mda8_sub_1","FAILED",1,"7137"
"18732467_7143","toar_regression_mda8_sub_1","FAILED",1,"7143"
"18732467_7429","toar_regression_mda8_sub_1","TIMEOUT",1,"7429"
"18732467_7430","toar_regression_mda8_sub_1","TIMEOUT",1,"7430"
"18732467_7552","toar_regression_mda8_sub_1","TIMEOUT",1,"7552"
"18732467_7553","toar_regression_mda8_sub_1","TIMEOUT",1,"7553"
"18732467_7554","toar_regression_mda8_sub_1","TIMEOUT",1,"7554"
"18732467_7555","toar_regression_mda8_sub_1","TIMEOUT",1,"7555"
"18732467_7556","toar_regression_mda8_sub_1","TIMEOUT",1,"7556"
"18732467_7557","toar_regression_mda8_sub_1","TIMEOUT",1,"7557"
"18732467_7558","toar_regression_mda8_sub_1","TIMEOUT",1,"7558"
"18732467_7559","toar_regression_mda8_sub_1","TIMEOUT",1,"7559"
"18732467_7560","toar_regression_mda8_sub_1","TIMEOUT",1,"7560"
"18732467_8644","toar_regression_mda8_sub_1","TIMEOUT",1,"8644"
"18747848_12","toar_regression_mda8_sub_10000","TIMEOUT",10000,"12"
"18747848_100","toar_regression_mda8_sub_10000","TIMEOUT",10000,"100"
"18747848_291","toar_regression_mda8_sub_10000","TIMEOUT",10000,"291"
"18747848_292","toar_regression_mda8_sub_10000","TIMEOUT",10000,"292"
"18747848_293","toar_regression_mda8_sub_10000","TIMEOUT",10000,"293"
"18747848_294","toar_regression_mda8_sub_10000","TIMEOUT",10000,"294"
"18747848_295","toar_regression_mda8_sub_10000","TIMEOUT",10000,"295"
"18747848_296","toar_regression_mda8_sub_10000","TIMEOUT",10000,"296"
"18747848_297","toar_regression_mda8_sub_10000","TIMEOUT",10000,"297"
"18747848_329","toar_regression_mda8_sub_10000","FAILED",10000,"329"
"18747848_359","toar_regression_mda8_sub_10000","TIMEOUT",10000,"359"
"18747848_400","toar_regression_mda8_sub_10000","FAILED",10000,"400"
"18747848_401","toar_regression_mda8_sub_10000","TIMEOUT",10000,"401"
"18747848_406","toar_regression_mda8_sub_10000","FAILED",10000,"406"
"18747848_859","toar_regression_mda8_sub_10000","TIMEOUT",10000,"859"
"18747848_860","toar_regression_mda8_sub_10000","TIMEOUT",10000,"860"
"18747848_949","toar_regression_mda8_sub_10000","TIMEOUT",10000,"949"
"18747848_950","toar_regression_mda8_sub_10000","TIMEOUT",10000,"950"
"18747848_951","toar_regression_mda8_sub_10000","TIMEOUT",10000,"951"
"18747848_952","toar_regression_mda8_sub_10000","TIMEOUT",10000,"952"
"18747848_953","toar_regression_mda8_sub_10000","TIMEOUT",10000,"953"
"18747848_954","toar_regression_mda8_sub_10000","TIMEOUT",10000,"954"
"18747848_955","toar_regression_mda8_sub_10000","TIMEOUT",10000,"955"
"18747848_956","toar_regression_mda8_sub_10000","TIMEOUT",10000,"956"
"18747848_957","toar_regression_mda8_sub_10000","TIMEOUT",10000,"957"
"18747848_1249","toar_regression_mda8_sub_10000","TIMEOUT",10000,"1249"
"18747848_1250","toar_regression_mda8_sub_10000","TIMEOUT",10000,"1250"
"18747848_1251","toar_regression_mda8_sub_10000","TIMEOUT",10000,"1251"
"18747848_1252","toar_regression_mda8_sub_10000","TIMEOUT",10000,"1252"
"18747848_1253","toar_regression_mda8_sub_10000","TIMEOUT",10000,"1253"
"18747848_1254","toar_regression_mda8_sub_10000","TIMEOUT",10000,"1254"
"18747848_1255","toar_regression_mda8_sub_10000","TIMEOUT",10000,"1255"
"18747848_1256","toar_regression_mda8_sub_10000","TIMEOUT",10000,"1256"
"18747848_1257","toar_regression_mda8_sub_10000","TIMEOUT",10000,"1257"
"18747848_1258","toar_regression_mda8_sub_10000","TIMEOUT",10000,"1258"
"18747848_1259","toar_regression_mda8_sub_10000","TIMEOUT",10000,"1259"
"18747848_1260","toar_regression_mda8_sub_10000","TIMEOUT",10000,"1260"
"18747848_1261","toar_regression_mda8_sub_10000","TIMEOUT",10000,"1261"
"18747848_1262","toar_regression_mda8_sub_10000","TIMEOUT",10000,"1262"
"18747848_1263","toar_regression_mda8_sub_10000","TIMEOUT",10000,"1263"
"18747848_1264","toar_regression_mda8_sub_10000","TIMEOUT",10000,"1264"
"18747848_1553","toar_regression_mda8_sub_10000","TIMEOUT",10000,"1553"
"18747848_1612","toar_regression_mda8_sub_10000","TIMEOUT",10000,"1612"
"18747848_1878","toar_regression_mda8_sub_10000","TIMEOUT",10000,"1878"
"18747848_1879","toar_regression_mda8_sub_10000","TIMEOUT",10000,"1879"
"18747848_1880","toar_regression_mda8_sub_10000","TIMEOUT",10000,"1880"
"18747848_1881","toar_regression_mda8_sub_10000","TIMEOUT",10000,"1881"
"18747848_1882","toar_regression_mda8_sub_10000","TIMEOUT",10000,"1882"
"18747848_1883","toar_regression_mda8_sub_10000","TIMEOUT",10000,"1883"
"18747848_3358","toar_regression_mda8_sub_10000","FAILED",10000,"3358"
"18747848_3429","toar_regression_mda8_sub_10000","FAILED",10000,"3429"
"18747848_3435","toar_regression_mda8_sub_10000","FAILED",10000,"3435"
"18747848_6154","toar_regression_mda8_sub_10000","FAILED",10000,"6154"
"18747848_6225","toar_regression_mda8_sub_10000","FAILED",10000,"6225"
"18747848_6231","toar_regression_mda8_sub_10000","FAILED",10000,"6231"
"18747848_8757","toar_regression_mda8_sub_10000","TIMEOUT",10000,"8757"
"18747848_8758","toar_regression_mda8_sub_10000","TIMEOUT",10000,"8758"
"18747848_8759","toar_regression_mda8_sub_10000","TIMEOUT",10000,"8759"
"18747848_8760","toar_regression_mda8_sub_10000","TIMEOUT",10000,"8760"
"18747848_8761","toar_regression_mda8_sub_10000","TIMEOUT",10000,"8761"
"18747848_8762","toar_regression_mda8_sub_10000","TIMEOUT",10000,"8762"
"18747848_8763","toar_regression_mda8_sub_10000","TIMEOUT",10000,"8763"
"18747848_8950","toar_regression_mda8_sub_10000","FAILED",10000,"8950"
"18747848_9021","toar_regression_mda8_sub_10000","FAILED",10000,"9021"
"18747848_9027","toar_regression_mda8_sub_10000","FAILED",10000,"9027"
"18747848_9760","toar_regression_mda8_sub_10000","TIMEOUT",10000,"9760"
"18747848_9761","toar_regression_mda8_sub_10000","TIMEOUT",10000,"9761"
"18747848_9762","toar_regression_mda8_sub_10000","TIMEOUT",10000,"9762"
"18747848_9763","toar_regression_mda8_sub_10000","TIMEOUT",10000,"9763"
"18747848_9764","toar_regression_mda8_sub_10000","TIMEOUT",10000,"9764"
"18747848_9765","toar_regression_mda8_sub_10000","TIMEOUT",10000,"9765"
"18747848_9766","toar_regression_mda8_sub_10000","TIMEOUT",10000,"9766"
"18747848_9767","toar_regression_mda8_sub_10000","TIMEOUT",10000,"9767"
"18747848_9768","toar_regression_mda8_sub_10000","TIMEOUT",10000,"9768"
"18747848_9769","toar_regression_mda8_sub_10000","TIMEOUT",10000,"9769"
"18747848_9770","toar_regression_mda8_sub_10000","TIMEOUT",10000,"9770"
"18747848_9772","toar_regression_mda8_sub_10000","TIMEOUT",10000,"9772"
"18747848_9773","toar_regression_mda8_sub_10000","TIMEOUT",10000,"9773"
"18747848_9774","toar_regression_mda8_sub_10000","TIMEOUT",10000,"9774"
"18747848_9775","toar_regression_mda8_sub_10000","TIMEOUT",10000,"9775"
"18747848_9776","toar_regression_mda8_sub_10000","TIMEOUT",10000,"9776"
"18747848_9777","toar_regression_mda8_sub_10000","TIMEOUT",10000,"9777"
"18747848_9778","toar_regression_mda8_sub_10000","TIMEOUT",10000,"9778"
"18747848_9779","toar_regression_mda8_sub_10000","TIMEOUT",10000,"9779"
"18747848_9780","toar_regression_mda8_sub_10000","TIMEOUT",10000,"9780"
"18747848_9781","toar_regression_mda8_sub_10000","TIMEOUT",10000,"9781"
"18747848_9782","toar_regression_mda8_sub_10000","TIMEOUT",10000,"9782"
"18747848_9783","toar_regression_mda8_sub_10000","TIMEOUT",10000,"9783"
"18747848_9784","toar_regression_mda8_sub_10000","TIMEOUT",10000,"9784"
"18747848_9785","toar_regression_mda8_sub_10000","TIMEOUT",10000,"9785"
"18763469_6","toar_regression_mda8_sub_19999","TIMEOUT",19999,"6"
"18763469_7","toar_regression_mda8_sub_19999","TIMEOUT",19999,"7"
"18763469_8","toar_regression_mda8_sub_19999","TIMEOUT",19999,"8"
"18763469_9","toar_regression_mda8_sub_19999","TIMEOUT",19999,"9"
"18763469_10","toar_regression_mda8_sub_19999","TIMEOUT",19999,"10"
"18763469_11","toar_regression_mda8_sub_19999","TIMEOUT",19999,"11"
"18763469_12","toar_regression_mda8_sub_19999","TIMEOUT",19999,"12"
"18763469_13","toar_regression_mda8_sub_19999","TIMEOUT",19999,"13"
"18763469_14","toar_regression_mda8_sub_19999","TIMEOUT",19999,"14"
"18763469_15","toar_regression_mda8_sub_19999","TIMEOUT",19999,"15"
"18763469_16","toar_regression_mda8_sub_19999","TIMEOUT",19999,"16"
"18763469_17","toar_regression_mda8_sub_19999","TIMEOUT",19999,"17"
"18763469_18","toar_regression_mda8_sub_19999","TIMEOUT",19999,"18"
"18763469_19","toar_regression_mda8_sub_19999","TIMEOUT",19999,"19"
"18763469_20","toar_regression_mda8_sub_19999","TIMEOUT",19999,"20"
"18763469_21","toar_regression_mda8_sub_19999","TIMEOUT",19999,"21"
"18763469_22","toar_regression_mda8_sub_19999","TIMEOUT",19999,"22"
"18763469_23","toar_regression_mda8_sub_19999","TIMEOUT",19999,"23"
"18763469_24","toar_regression_mda8_sub_19999","TIMEOUT",19999,"24"
"18763469_25","toar_regression_mda8_sub_19999","TIMEOUT",19999,"25"
"18763469_26","toar_regression_mda8_sub_19999","TIMEOUT",19999,"26"
"18763469_357","toar_regression_mda8_sub_19999","TIMEOUT",19999,"357"
"18763469_358","toar_regression_mda8_sub_19999","TIMEOUT",19999,"358"
"18763469_359","toar_regression_mda8_sub_19999","TIMEOUT",19999,"359"
"18763469_360","toar_regression_mda8_sub_19999","TIMEOUT",19999,"360"
"18763469_361","toar_regression_mda8_sub_19999","TIMEOUT",19999,"361"
"18763469_362","toar_regression_mda8_sub_19999","TIMEOUT",19999,"362"
"18763469_363","toar_regression_mda8_sub_19999","TIMEOUT",19999,"363"
"18763469_364","toar_regression_mda8_sub_19999","TIMEOUT",19999,"364"
"18763469_365","toar_regression_mda8_sub_19999","TIMEOUT",19999,"365"
"18763469_366","toar_regression_mda8_sub_19999","TIMEOUT",19999,"366"
"18763469_367","toar_regression_mda8_sub_19999","TIMEOUT",19999,"367"
"18763469_368","toar_regression_mda8_sub_19999","TIMEOUT",19999,"368"
"18763469_369","toar_regression_mda8_sub_19999","TIMEOUT",19999,"369"
"18763469_370","toar_regression_mda8_sub_19999","TIMEOUT",19999,"370"
"18763469_371","toar_regression_mda8_sub_19999","TIMEOUT",19999,"371"
"18763469_372","toar_regression_mda8_sub_19999","TIMEOUT",19999,"372"
"18763469_373","toar_regression_mda8_sub_19999","TIMEOUT",19999,"373"
"18763469_374","toar_regression_mda8_sub_19999","TIMEOUT",19999,"374"
"18763469_1747","toar_regression_mda8_sub_19999","FAILED",19999,"1747"
"18763469_1818","toar_regression_mda8_sub_19999","FAILED",19999,"1818"
"18763469_1824","toar_regression_mda8_sub_19999","FAILED",19999,"1824"
"18763469_2178","toar_regression_mda8_sub_19999","TIMEOUT",19999,"2178"
"18763469_2179","toar_regression_mda8_sub_19999","TIMEOUT",19999,"2179"
"18763469_2180","toar_regression_mda8_sub_19999","TIMEOUT",19999,"2180"
"18763469_2181","toar_regression_mda8_sub_19999","TIMEOUT",19999,"2181"
"18763469_2182","toar_regression_mda8_sub_19999","TIMEOUT",19999,"2182"
"18763469_2183","toar_regression_mda8_sub_19999","TIMEOUT",19999,"2183"
"18763469_2184","toar_regression_mda8_sub_19999","TIMEOUT",19999,"2184"
"18763469_2185","toar_regression_mda8_sub_19999","TIMEOUT",19999,"2185"
"18763469_2186","toar_regression_mda8_sub_19999","TIMEOUT",19999,"2186"
"18763469_2187","toar_regression_mda8_sub_19999","TIMEOUT",19999,"2187"
"18763469_2188","toar_regression_mda8_sub_19999","TIMEOUT",19999,"2188"
"18763469_2189","toar_regression_mda8_sub_19999","TIMEOUT",19999,"2189"
"18763469_2761","toar_regression_mda8_sub_19999","TIMEOUT",19999,"2761"
"18763469_2762","toar_regression_mda8_sub_19999","TIMEOUT",19999,"2762"
"18763469_2763","toar_regression_mda8_sub_19999","TIMEOUT",19999,"2763"
"18763469_2764","toar_regression_mda8_sub_19999","TIMEOUT",19999,"2764"
"18763469_2765","toar_regression_mda8_sub_19999","TIMEOUT",19999,"2765"
"18763469_2766","toar_regression_mda8_sub_19999","TIMEOUT",19999,"2766"
"18763469_2767","toar_regression_mda8_sub_19999","TIMEOUT",19999,"2767"
"18763469_2768","toar_regression_mda8_sub_19999","TIMEOUT",19999,"2768"
"18763469_2769","toar_regression_mda8_sub_19999","TIMEOUT",19999,"2769"
"18763469_2770","toar_regression_mda8_sub_19999","TIMEOUT",19999,"2770"
"18763469_2771","toar_regression_mda8_sub_19999","TIMEOUT",19999,"2771"
"18763469_2772","toar_regression_mda8_sub_19999","TIMEOUT",19999,"2772"
"18763469_2773","toar_regression_mda8_sub_19999","TIMEOUT",19999,"2773"
"18763469_2774","toar_regression_mda8_sub_19999","TIMEOUT",19999,"2774"
"18763469_2788","toar_regression_mda8_sub_19999","TIMEOUT",19999,"2788"
"18763469_2789","toar_regression_mda8_sub_19999","TIMEOUT",19999,"2789"
"18763469_2790","toar_regression_mda8_sub_19999","TIMEOUT",19999,"2790"
"18763469_2791","toar_regression_mda8_sub_19999","TIMEOUT",19999,"2791"
"18763469_2792","toar_regression_mda8_sub_19999","TIMEOUT",19999,"2792"
"18763469_2793","toar_regression_mda8_sub_19999","TIMEOUT",19999,"2793"
"18763469_2794","toar_regression_mda8_sub_19999","TIMEOUT",19999,"2794"
"18763469_2795","toar_regression_mda8_sub_19999","TIMEOUT",19999,"2795"
"18763469_2796","toar_regression_mda8_sub_19999","TIMEOUT",19999,"2796"
"18763469_2797","toar_regression_mda8_sub_19999","TIMEOUT",19999,"2797"
"18763469_2798","toar_regression_mda8_sub_19999","TIMEOUT",19999,"2798"
"18763469_2799","toar_regression_mda8_sub_19999","TIMEOUT",19999,"2799"
"18763469_2800","toar_regression_mda8_sub_19999","TIMEOUT",19999,"2800"
"18763469_2802","toar_regression_mda8_sub_19999","TIMEOUT",19999,"2802"
"18763469_2803","toar_regression_mda8_sub_19999","TIMEOUT",19999,"2803"
"18763469_2804","toar_regression_mda8_sub_19999","TIMEOUT",19999,"2804"
"18763469_2805","toar_regression_mda8_sub_19999","TIMEOUT",19999,"2805"
"18763469_2806","toar_regression_mda8_sub_19999","TIMEOUT",19999,"2806"
"18763469_2807","toar_regression_mda8_sub_19999","TIMEOUT",19999,"2807"
"18763469_2808","toar_regression_mda8_sub_19999","TIMEOUT",19999,"2808"
"18763469_2809","toar_regression_mda8_sub_19999","TIMEOUT",19999,"2809"
"18763469_2810","toar_regression_mda8_sub_19999","TIMEOUT",19999,"2810"
"18763469_2811","toar_regression_mda8_sub_19999","TIMEOUT",19999,"2811"
"18763469_2812","toar_regression_mda8_sub_19999","TIMEOUT",19999,"2812"
"18763469_2813","toar_regression_mda8_sub_19999","TIMEOUT",19999,"2813"
"18763469_2814","toar_regression_mda8_sub_19999","TIMEOUT",19999,"2814"
"18763469_2815","toar_regression_mda8_sub_19999","TIMEOUT",19999,"2815"
"18763469_2816","toar_regression_mda8_sub_19999","TIMEOUT",19999,"2816"
"18763469_2817","toar_regression_mda8_sub_19999","TIMEOUT",19999,"2817"
"18763469_2818","toar_regression_mda8_sub_19999","TIMEOUT",19999,"2818"
"18763469_2819","toar_regression_mda8_sub_19999","TIMEOUT",19999,"2819"
"18763469_2820","toar_regression_mda8_sub_19999","TIMEOUT",19999,"2820"
"18763469_2821","toar_regression_mda8_sub_19999","TIMEOUT",19999,"2821"
"18763469_2822","toar_regression_mda8_sub_19999","TIMEOUT",19999,"2822"
"18763469_2823","toar_regression_mda8_sub_19999","TIMEOUT",19999,"2823"
"18763469_2824","toar_regression_mda8_sub_19999","TIMEOUT",19999,"2824"
"18763469_2825","toar_regression_mda8_sub_19999","TIMEOUT",19999,"2825"
"18763469_2826","toar_regression_mda8_sub_19999","TIMEOUT",19999,"2826"
"18763469_2827","toar_regression_mda8_sub_19999","TIMEOUT",19999,"2827"
"18763469_2828","toar_regression_mda8_sub_19999","TIMEOUT",19999,"2828"
"18763469_2829","toar_regression_mda8_sub_19999","TIMEOUT",19999,"2829"
"18763469_2830","toar_regression_mda8_sub_19999","TIMEOUT",19999,"2830"
"18763469_2831","toar_regression_mda8_sub_19999","TIMEOUT",19999,"2831"
"18763469_2832","toar_regression_mda8_sub_19999","TIMEOUT",19999,"2832"
"18763469_4543","toar_regression_mda8_sub_19999","FAILED",19999,"4543"
"18763469_4614","toar_regression_mda8_sub_19999","FAILED",19999,"4614"
"18763469_4620","toar_regression_mda8_sub_19999","FAILED",19999,"4620"
"18763469_5623","toar_regression_mda8_sub_19999","TIMEOUT",19999,"5623"
"18763469_5649","toar_regression_mda8_sub_19999","TIMEOUT",19999,"5649"
"18763469_5650","toar_regression_mda8_sub_19999","TIMEOUT",19999,"5650"
"18763469_5651","toar_regression_mda8_sub_19999","TIMEOUT",19999,"5651"
"18763469_5652","toar_regression_mda8_sub_19999","TIMEOUT",19999,"5652"
"18763469_5653","toar_regression_mda8_sub_19999","TIMEOUT",19999,"5653"
"18763469_5654","toar_regression_mda8_sub_19999","TIMEOUT",19999,"5654"
"18763469_5655","toar_regression_mda8_sub_19999","TIMEOUT",19999,"5655"
"18763469_5656","toar_regression_mda8_sub_19999","TIMEOUT",19999,"5656"
"18763469_5657","toar_regression_mda8_sub_19999","TIMEOUT",19999,"5657"
"18763469_5658","toar_regression_mda8_sub_19999","TIMEOUT",19999,"5658"
"18763469_5659","toar_regression_mda8_sub_19999","TIMEOUT",19999,"5659"
"18763469_5660","toar_regression_mda8_sub_19999","TIMEOUT",19999,"5660"
"18763469_5661","toar_regression_mda8_sub_19999","TIMEOUT",19999,"5661"
"18763469_5662","toar_regression_mda8_sub_19999","TIMEOUT",19999,"5662"
"18763469_5663","toar_regression_mda8_sub_19999","TIMEOUT",19999,"5663"
"18763469_5664","toar_regression_mda8_sub_19999","TIMEOUT",19999,"5664"
"18763469_5665","toar_regression_mda8_sub_19999","TIMEOUT",19999,"5665"
"18763469_5666","toar_regression_mda8_sub_19999","TIMEOUT",19999,"5666"
"18763469_5667","toar_regression_mda8_sub_19999","TIMEOUT",19999,"5667"
"18763469_5668","toar_regression_mda8_sub_19999","TIMEOUT",19999,"5668"
"18763469_5669","toar_regression_mda8_sub_19999","TIMEOUT",19999,"5669"
"18763469_6071","toar_regression_mda8_sub_19999","TIMEOUT",19999,"6071"
"18763469_6072","toar_regression_mda8_sub_19999","TIMEOUT",19999,"6072"
"18763469_6073","toar_regression_mda8_sub_19999","TIMEOUT",19999,"6073"
"18763469_6074","toar_regression_mda8_sub_19999","TIMEOUT",19999,"6074"
"18763469_6075","toar_regression_mda8_sub_19999","TIMEOUT",19999,"6075"
"18763469_6076","toar_regression_mda8_sub_19999","TIMEOUT",19999,"6076"
"18763469_6077","toar_regression_mda8_sub_19999","TIMEOUT",19999,"6077"
"18763469_6078","toar_regression_mda8_sub_19999","TIMEOUT",19999,"6078"
"18763469_6079","toar_regression_mda8_sub_19999","TIMEOUT",19999,"6079"
"18763469_6080","toar_regression_mda8_sub_19999","TIMEOUT",19999,"6080"
"18763469_6081","toar_regression_mda8_sub_19999","TIMEOUT",19999,"6081"
"18763469_6082","toar_regression_mda8_sub_19999","TIMEOUT",19999,"6082"
"18763469_6083","toar_regression_mda8_sub_19999","TIMEOUT",19999,"6083"
"18763469_6084","toar_regression_mda8_sub_19999","TIMEOUT",19999,"6084"
"18763469_6085","toar_regression_mda8_sub_19999","TIMEOUT",19999,"6085"
"18763469_6086","toar_regression_mda8_sub_19999","TIMEOUT",19999,"6086"
"18763469_6087","toar_regression_mda8_sub_19999","TIMEOUT",19999,"6087"
"18763469_6088","toar_regression_mda8_sub_19999","TIMEOUT",19999,"6088"
"18763469_7339","toar_regression_mda8_sub_19999","FAILED",19999,"7339"
"18763469_7410","toar_regression_mda8_sub_19999","FAILED",19999,"7410"
"18763469_7416","toar_regression_mda8_sub_19999","FAILED",19999,"7416"
"18763469_7853","toar_regression_mda8_sub_19999","TIMEOUT",19999,"7853"
"18763469_7854","toar_regression_mda8_sub_19999","TIMEOUT",19999,"7854"
"18763469_7855","toar_regression_mda8_sub_19999","TIMEOUT",19999,"7855"
"18763469_7856","toar_regression_mda8_sub_19999","TIMEOUT",19999,"7856"
"18763469_7857","toar_regression_mda8_sub_19999","TIMEOUT",19999,"7857"
"18763469_7858","toar_regression_mda8_sub_19999","TIMEOUT",19999,"7858"
"18763469_7859","toar_regression_mda8_sub_19999","TIMEOUT",19999,"7859"
"18763469_7860","toar_regression_mda8_sub_19999","TIMEOUT",19999,"7860"
"18763469_7861","toar_regression_mda8_sub_19999","TIMEOUT",19999,"7861"
"18763469_7862","toar_regression_mda8_sub_19999","TIMEOUT",19999,"7862"
"18763469_7863","toar_regression_mda8_sub_19999","TIMEOUT",19999,"7863"
"18763469_7864","toar_regression_mda8_sub_19999","TIMEOUT",19999,"7864"
"18773763_69","toar_regression_mda8_sub_29998","TIMEOUT",29998,"69"
"18773763_70","toar_regression_mda8_sub_29998","TIMEOUT",29998,"70"
"18773763_71","toar_regression_mda8_sub_29998","TIMEOUT",29998,"71"
"18773763_72","toar_regression_mda8_sub_29998","TIMEOUT",29998,"72"
"18773763_73","toar_regression_mda8_sub_29998","TIMEOUT",29998,"73"
"18773763_74","toar_regression_mda8_sub_29998","TIMEOUT",29998,"74"
"18773763_75","toar_regression_mda8_sub_29998","TIMEOUT",29998,"75"
"18773763_76","toar_regression_mda8_sub_29998","TIMEOUT",29998,"76"
"18773763_77","toar_regression_mda8_sub_29998","TIMEOUT",29998,"77"
"18773763_78","toar_regression_mda8_sub_29998","TIMEOUT",29998,"78"
"18773763_79","toar_regression_mda8_sub_29998","TIMEOUT",29998,"79"
"18773763_80","toar_regression_mda8_sub_29998","TIMEOUT",29998,"80"
"18773763_81","toar_regression_mda8_sub_29998","TIMEOUT",29998,"81"
"18773763_82","toar_regression_mda8_sub_29998","TIMEOUT",29998,"82"
"18773763_83","toar_regression_mda8_sub_29998","TIMEOUT",29998,"83"
"18773763_84","toar_regression_mda8_sub_29998","TIMEOUT",29998,"84"
"18773763_85","toar_regression_mda8_sub_29998","TIMEOUT",29998,"85"
"18773763_86","toar_regression_mda8_sub_29998","TIMEOUT",29998,"86"
"18773763_87","toar_regression_mda8_sub_29998","TIMEOUT",29998,"87"
"18773763_88","toar_regression_mda8_sub_29998","TIMEOUT",29998,"88"
"18773763_89","toar_regression_mda8_sub_29998","TIMEOUT",29998,"89"
"18773763_90","toar_regression_mda8_sub_29998","TIMEOUT",29998,"90"
"18773763_91","toar_regression_mda8_sub_29998","TIMEOUT",29998,"91"
"18773763_92","toar_regression_mda8_sub_29998","TIMEOUT",29998,"92"
"18773763_93","toar_regression_mda8_sub_29998","TIMEOUT",29998,"93"
"18773763_94","toar_regression_mda8_sub_29998","TIMEOUT",29998,"94"
"18773763_136","toar_regression_mda8_sub_29998","FAILED",29998,"136"
"18773763_207","toar_regression_mda8_sub_29998","FAILED",29998,"207"
"18773763_213","toar_regression_mda8_sub_29998","FAILED",29998,"213"
"18773763_669","toar_regression_mda8_sub_29998","TIMEOUT",29998,"669"
"18773763_670","toar_regression_mda8_sub_29998","TIMEOUT",29998,"670"
"18773763_671","toar_regression_mda8_sub_29998","TIMEOUT",29998,"671"
"18773763_672","toar_regression_mda8_sub_29998","TIMEOUT",29998,"672"
"18773763_673","toar_regression_mda8_sub_29998","TIMEOUT",29998,"673"
"18773763_674","toar_regression_mda8_sub_29998","TIMEOUT",29998,"674"
"18773763_675","toar_regression_mda8_sub_29998","TIMEOUT",29998,"675"
"18773763_676","toar_regression_mda8_sub_29998","TIMEOUT",29998,"676"
"18773763_677","toar_regression_mda8_sub_29998","TIMEOUT",29998,"677"
"18773763_678","toar_regression_mda8_sub_29998","TIMEOUT",29998,"678"
"18773763_679","toar_regression_mda8_sub_29998","TIMEOUT",29998,"679"
"18773763_680","toar_regression_mda8_sub_29998","TIMEOUT",29998,"680"
"18773763_681","toar_regression_mda8_sub_29998","TIMEOUT",29998,"681"
"18773763_682","toar_regression_mda8_sub_29998","TIMEOUT",29998,"682"
"18773763_683","toar_regression_mda8_sub_29998","TIMEOUT",29998,"683"
"18773763_684","toar_regression_mda8_sub_29998","TIMEOUT",29998,"684"
"18773763_685","toar_regression_mda8_sub_29998","TIMEOUT",29998,"685"
"18773763_686","toar_regression_mda8_sub_29998","TIMEOUT",29998,"686"
"18773763_1474","toar_regression_mda8_sub_29998","TIMEOUT",29998,"1474"
"18773763_1475","toar_regression_mda8_sub_29998","TIMEOUT",29998,"1475"
"18773763_1476","toar_regression_mda8_sub_29998","TIMEOUT",29998,"1476"
"18773763_1477","toar_regression_mda8_sub_29998","TIMEOUT",29998,"1477"
"18773763_1478","toar_regression_mda8_sub_29998","TIMEOUT",29998,"1478"
"18773763_1492","toar_regression_mda8_sub_29998","TIMEOUT",29998,"1492"
"18773763_1493","toar_regression_mda8_sub_29998","TIMEOUT",29998,"1493"
"18773763_1494","toar_regression_mda8_sub_29998","TIMEOUT",29998,"1494"
"18773763_1495","toar_regression_mda8_sub_29998","TIMEOUT",29998,"1495"
"18773763_1496","toar_regression_mda8_sub_29998","TIMEOUT",29998,"1496"
"18773763_1497","toar_regression_mda8_sub_29998","TIMEOUT",29998,"1497"
"18773763_1498","toar_regression_mda8_sub_29998","TIMEOUT",29998,"1498"
"18773763_1499","toar_regression_mda8_sub_29998","TIMEOUT",29998,"1499"
"18773763_1500","toar_regression_mda8_sub_29998","TIMEOUT",29998,"1500"
"18773763_1501","toar_regression_mda8_sub_29998","TIMEOUT",29998,"1501"
"18773763_1502","toar_regression_mda8_sub_29998","TIMEOUT",29998,"1502"
"18773763_1503","toar_regression_mda8_sub_29998","TIMEOUT",29998,"1503"
"18773763_1504","toar_regression_mda8_sub_29998","TIMEOUT",29998,"1504"
"18773763_1505","toar_regression_mda8_sub_29998","TIMEOUT",29998,"1505"
"18773763_1506","toar_regression_mda8_sub_29998","TIMEOUT",29998,"1506"
"18773763_1507","toar_regression_mda8_sub_29998","TIMEOUT",29998,"1507"
"18773763_1508","toar_regression_mda8_sub_29998","TIMEOUT",29998,"1508"
"18773763_1509","toar_regression_mda8_sub_29998","TIMEOUT",29998,"1509"
"18773763_1510","toar_regression_mda8_sub_29998","TIMEOUT",29998,"1510"
"18773763_1511","toar_regression_mda8_sub_29998","TIMEOUT",29998,"1511"
"18773763_1512","toar_regression_mda8_sub_29998","TIMEOUT",29998,"1512"
"18773763_1513","toar_regression_mda8_sub_29998","TIMEOUT",29998,"1513"
"18773763_1514","toar_regression_mda8_sub_29998","TIMEOUT",29998,"1514"
"18773763_1515","toar_regression_mda8_sub_29998","TIMEOUT",29998,"1515"
"18773763_1516","toar_regression_mda8_sub_29998","TIMEOUT",29998,"1516"
"18773763_1517","toar_regression_mda8_sub_29998","TIMEOUT",29998,"1517"
"18773763_1518","toar_regression_mda8_sub_29998","TIMEOUT",29998,"1518"
"18773763_1519","toar_regression_mda8_sub_29998","TIMEOUT",29998,"1519"
"18773763_1520","toar_regression_mda8_sub_29998","TIMEOUT",29998,"1520"
"18773763_1521","toar_regression_mda8_sub_29998","TIMEOUT",29998,"1521"
"18773763_1522","toar_regression_mda8_sub_29998","TIMEOUT",29998,"1522"
"18773763_1523","toar_regression_mda8_sub_29998","TIMEOUT",29998,"1523"
"18773763_1524","toar_regression_mda8_sub_29998","TIMEOUT",29998,"1524"
"18773763_1525","toar_regression_mda8_sub_29998","TIMEOUT",29998,"1525"
"18773763_1526","toar_regression_mda8_sub_29998","TIMEOUT",29998,"1526"
"18773763_1527","toar_regression_mda8_sub_29998","TIMEOUT",29998,"1527"
"18773763_1528","toar_regression_mda8_sub_29998","TIMEOUT",29998,"1528"
"18773763_1529","toar_regression_mda8_sub_29998","TIMEOUT",29998,"1529"
"18773763_1530","toar_regression_mda8_sub_29998","TIMEOUT",29998,"1530"
"18773763_1531","toar_regression_mda8_sub_29998","TIMEOUT",29998,"1531"
"18773763_1532","toar_regression_mda8_sub_29998","TIMEOUT",29998,"1532"
"18773763_1533","toar_regression_mda8_sub_29998","TIMEOUT",29998,"1533"
"18773763_1534","toar_regression_mda8_sub_29998","TIMEOUT",29998,"1534"
"18773763_1535","toar_regression_mda8_sub_29998","TIMEOUT",29998,"1535"
"18773763_1536","toar_regression_mda8_sub_29998","TIMEOUT",29998,"1536"
"18773763_1537","toar_regression_mda8_sub_29998","TIMEOUT",29998,"1537"
"18773763_1538","toar_regression_mda8_sub_29998","TIMEOUT",29998,"1538"
"18773763_1539","toar_regression_mda8_sub_29998","TIMEOUT",29998,"1539"
"18773763_1540","toar_regression_mda8_sub_29998","TIMEOUT",29998,"1540"
"18773763_2932","toar_regression_mda8_sub_29998","FAILED",29998,"2932"
"18773763_3003","toar_regression_mda8_sub_29998","FAILED",29998,"3003"
"18773763_3009","toar_regression_mda8_sub_29998","FAILED",29998,"3009"
"18773763_3020","toar_regression_mda8_sub_29998","TIMEOUT",29998,"3020"
"18773763_3021","toar_regression_mda8_sub_29998","TIMEOUT",29998,"3021"
"18773763_3022","toar_regression_mda8_sub_29998","TIMEOUT",29998,"3022"
"18773763_3023","toar_regression_mda8_sub_29998","TIMEOUT",29998,"3023"
"18773763_3024","toar_regression_mda8_sub_29998","TIMEOUT",29998,"3024"
"18773763_5728","toar_regression_mda8_sub_29998","FAILED",29998,"5728"
"18773763_5799","toar_regression_mda8_sub_29998","FAILED",29998,"5799"
"18773763_5805","toar_regression_mda8_sub_29998","FAILED",29998,"5805"
"18773763_6583","toar_regression_mda8_sub_29998","TIMEOUT",29998,"6583"
"18773763_6584","toar_regression_mda8_sub_29998","TIMEOUT",29998,"6584"
"18773763_7449","toar_regression_mda8_sub_29998","TIMEOUT",29998,"7449"
"18773763_7450","toar_regression_mda8_sub_29998","TIMEOUT",29998,"7450"
"18773763_7451","toar_regression_mda8_sub_29998","TIMEOUT",29998,"7451"
"18773763_7452","toar_regression_mda8_sub_29998","TIMEOUT",29998,"7452"
"18773763_7453","toar_regression_mda8_sub_29998","TIMEOUT",29998,"7453"
"18773763_7454","toar_regression_mda8_sub_29998","TIMEOUT",29998,"7454"
"18773763_7455","toar_regression_mda8_sub_29998","TIMEOUT",29998,"7455"
"18773763_7456","toar_regression_mda8_sub_29998","TIMEOUT",29998,"7456"
"18773763_7457","toar_regression_mda8_sub_29998","TIMEOUT",29998,"7457"
"18773763_7458","toar_regression_mda8_sub_29998","TIMEOUT",29998,"7458"
"18773763_7459","toar_regression_mda8_sub_29998","TIMEOUT",29998,"7459"
"18773763_7460","toar_regression_mda8_sub_29998","TIMEOUT",29998,"7460"
"18773763_7849","toar_regression_mda8_sub_29998","TIMEOUT",29998,"7849"
"18773763_7850","toar_regression_mda8_sub_29998","TIMEOUT",29998,"7850"
"18773763_7851","toar_regression_mda8_sub_29998","TIMEOUT",29998,"7851"
"18773763_7852","toar_regression_mda8_sub_29998","TIMEOUT",29998,"7852"
"18773763_7853","toar_regression_mda8_sub_29998","TIMEOUT",29998,"7853"
"18773763_7854","toar_regression_mda8_sub_29998","TIMEOUT",29998,"7854"
"18773763_7855","toar_regression_mda8_sub_29998","TIMEOUT",29998,"7855"
"18773763_7856","toar_regression_mda8_sub_29998","TIMEOUT",29998,"7856"
"18773763_7857","toar_regression_mda8_sub_29998","TIMEOUT",29998,"7857"
"18773763_7858","toar_regression_mda8_sub_29998","TIMEOUT",29998,"7858"
"18773763_8002","toar_regression_mda8_sub_29998","TIMEOUT",29998,"8002"
"18773763_8003","toar_regression_mda8_sub_29998","TIMEOUT",29998,"8003"
"18773763_8004","toar_regression_mda8_sub_29998","TIMEOUT",29998,"8004"
"18773763_8005","toar_regression_mda8_sub_29998","TIMEOUT",29998,"8005"
"18773763_8006","toar_regression_mda8_sub_29998","TIMEOUT",29998,"8006"
"18773763_8007","toar_regression_mda8_sub_29998","TIMEOUT",29998,"8007"
"18773763_8008","toar_regression_mda8_sub_29998","TIMEOUT",29998,"8008"
"18773763_8009","toar_regression_mda8_sub_29998","TIMEOUT",29998,"8009"
"18773763_8010","toar_regression_mda8_sub_29998","TIMEOUT",29998,"8010"
"18773763_8011","toar_regression_mda8_sub_29998","TIMEOUT",29998,"8011"
"18773763_8012","toar_regression_mda8_sub_29998","TIMEOUT",29998,"8012"
"18773763_8013","toar_regression_mda8_sub_29998","TIMEOUT",29998,"8013"
"18773763_8014","toar_regression_mda8_sub_29998","TIMEOUT",29998,"8014"
"18773763_8015","toar_regression_mda8_sub_29998","TIMEOUT",29998,"8015"
"18773763_8016","toar_regression_mda8_sub_29998","TIMEOUT",29998,"8016"
"18773763_8017","toar_regression_mda8_sub_29998","TIMEOUT",29998,"8017"
"18773763_8018","toar_regression_mda8_sub_29998","TIMEOUT",29998,"8018"
"18773763_8019","toar_regression_mda8_sub_29998","TIMEOUT",29998,"8019"
"18773763_8020","toar_regression_mda8_sub_29998","TIMEOUT",29998,"8020"
"18773763_8021","toar_regression_mda8_sub_29998","TIMEOUT",29998,"8021"
"18773763_8022","toar_regression_mda8_sub_29998","TIMEOUT",29998,"8022"
"18773763_8023","toar_regression_mda8_sub_29998","TIMEOUT",29998,"8023"
"18773763_8024","toar_regression_mda8_sub_29998","TIMEOUT",29998,"8024"
"18773763_8025","toar_regression_mda8_sub_29998","TIMEOUT",29998,"8025"
"18773763_8026","toar_regression_mda8_sub_29998","TIMEOUT",29998,"8026"
"18773763_8027","toar_regression_mda8_sub_29998","TIMEOUT",29998,"8027"
"18773763_8028","toar_regression_mda8_sub_29998","TIMEOUT",29998,"8028"
"18773763_8029","toar_regression_mda8_sub_29998","TIMEOUT",29998,"8029"
"18773763_8030","toar_regression_mda8_sub_29998","TIMEOUT",29998,"8030"
"18773763_8031","toar_regression_mda8_sub_29998","TIMEOUT",29998,"8031"
"18773763_8032","toar_regression_mda8_sub_29998","TIMEOUT",29998,"8032"
"18773763_8033","toar_regression_mda8_sub_29998","TIMEOUT",29998,"8033"
"18773763_8034","toar_regression_mda8_sub_29998","TIMEOUT",29998,"8034"
"18773763_8035","toar_regression_mda8_sub_29998","TIMEOUT",29998,"8035"
"18773763_8036","toar_regression_mda8_sub_29998","TIMEOUT",29998,"8036"
"18773763_8037","toar_regression_mda8_sub_29998","TIMEOUT",29998,"8037"
"18773763_8038","toar_regression_mda8_sub_29998","TIMEOUT",29998,"8038"
"18773763_8039","toar_regression_mda8_sub_29998","TIMEOUT",29998,"8039"
"18773763_8040","toar_regression_mda8_sub_29998","TIMEOUT",29998,"8040"
"18773763_8041","toar_regression_mda8_sub_29998","TIMEOUT",29998,"8041"
"18773763_8042","toar_regression_mda8_sub_29998","TIMEOUT",29998,"8042"
"18773763_8043","toar_regression_mda8_sub_29998","TIMEOUT",29998,"8043"
"18773763_8044","toar_regression_mda8_sub_29998","TIMEOUT",29998,"8044"
"18773763_8045","toar_regression_mda8_sub_29998","TIMEOUT",29998,"8045"
"18773763_8046","toar_regression_mda8_sub_29998","TIMEOUT",29998,"8046"
"18773763_8047","toar_regression_mda8_sub_29998","TIMEOUT",29998,"8047"
"18773763_8048","toar_regression_mda8_sub_29998","TIMEOUT",29998,"8048"
"18773763_8049","toar_regression_mda8_sub_29998","TIMEOUT",29998,"8049"
"18773763_8050","toar_regression_mda8_sub_29998","TIMEOUT",29998,"8050"
"18773763_8051","toar_regression_mda8_sub_29998","TIMEOUT",29998,"8051"
"18773763_8052","toar_regression_mda8_sub_29998","TIMEOUT",29998,"8052"
"18773763_8053","toar_regression_mda8_sub_29998","TIMEOUT",29998,"8053"
"18773763_8054","toar_regression_mda8_sub_29998","TIMEOUT",29998,"8054"
"18773763_8055","toar_regression_mda8_sub_29998","TIMEOUT",29998,"8055"
"18773763_8056","toar_regression_mda8_sub_29998","TIMEOUT",29998,"8056"
"18773763_8057","toar_regression_mda8_sub_29998","TIMEOUT",29998,"8057"
"18773763_8058","toar_regression_mda8_sub_29998","TIMEOUT",29998,"8058"
"18773763_8059","toar_regression_mda8_sub_29998","TIMEOUT",29998,"8059"
"18773763_8524","toar_regression_mda8_sub_29998","FAILED",29998,"8524"
"18773763_8595","toar_regression_mda8_sub_29998","FAILED",29998,"8595"
"18773763_8601","toar_regression_mda8_sub_29998","FAILED",29998,"8601"
"18773763_8758","toar_regression_mda8_sub_29998","TIMEOUT",29998,"8758"
"18773763_8759","toar_regression_mda8_sub_29998","TIMEOUT",29998,"8759"
"18773763_8760","toar_regression_mda8_sub_29998","TIMEOUT",29998,"8760"
"18773763_8761","toar_regression_mda8_sub_29998","TIMEOUT",29998,"8761"
"18773763_8762","toar_regression_mda8_sub_29998","TIMEOUT",29998,"8762"
"18773763_8763","toar_regression_mda8_sub_29998","TIMEOUT",29998,"8763"
"18773763_9590","toar_regression_mda8_sub_29998","TIMEOUT",29998,"9590"
"18773763_9591","toar_regression_mda8_sub_29998","TIMEOUT",29998,"9591"
"18773763_9592","toar_regression_mda8_sub_29998","TIMEOUT",29998,"9592"
"18773763_9593","toar_regression_mda8_sub_29998","TIMEOUT",29998,"9593"
"18773763_9594","toar_regression_mda8_sub_29998","TIMEOUT",29998,"9594"
"18773763_9595","toar_regression_mda8_sub_29998","TIMEOUT",29998,"9595"
"18787937_19","toar_regression_mda8_sub_39997","TIMEOUT",39997,"19"
"18787937_545","toar_regression_mda8_sub_39997","TIMEOUT",39997,"545"
"18787937_546","toar_regression_mda8_sub_39997","TIMEOUT",39997,"546"
"18787937_547","toar_regression_mda8_sub_39997","TIMEOUT",39997,"547"
"18787937_548","toar_regression_mda8_sub_39997","TIMEOUT",39997,"548"
"18787937_549","toar_regression_mda8_sub_39997","TIMEOUT",39997,"549"
"18787937_550","toar_regression_mda8_sub_39997","TIMEOUT",39997,"550"
"18787937_551","toar_regression_mda8_sub_39997","TIMEOUT",39997,"551"
"18787937_552","toar_regression_mda8_sub_39997","TIMEOUT",39997,"552"
"18787937_553","toar_regression_mda8_sub_39997","TIMEOUT",39997,"553"
"18787937_554","toar_regression_mda8_sub_39997","TIMEOUT",39997,"554"
"18787937_555","toar_regression_mda8_sub_39997","TIMEOUT",39997,"555"
"18787937_556","toar_regression_mda8_sub_39997","TIMEOUT",39997,"556"
"18787937_557","toar_regression_mda8_sub_39997","TIMEOUT",39997,"557"
"18787937_558","toar_regression_mda8_sub_39997","TIMEOUT",39997,"558"
"18787937_559","toar_regression_mda8_sub_39997","TIMEOUT",39997,"559"
"18787937_560","toar_regression_mda8_sub_39997","TIMEOUT",39997,"560"
"18787937_561","toar_regression_mda8_sub_39997","TIMEOUT",39997,"561"
"18787937_562","toar_regression_mda8_sub_39997","TIMEOUT",39997,"562"
"18787937_563","toar_regression_mda8_sub_39997","TIMEOUT",39997,"563"
"18787937_564","toar_regression_mda8_sub_39997","TIMEOUT",39997,"564"
"18787937_565","toar_regression_mda8_sub_39997","TIMEOUT",39997,"565"
"18787937_566","toar_regression_mda8_sub_39997","TIMEOUT",39997,"566"
"18787937_567","toar_regression_mda8_sub_39997","TIMEOUT",39997,"567"
"18787937_568","toar_regression_mda8_sub_39997","TIMEOUT",39997,"568"
"18787937_569","toar_regression_mda8_sub_39997","TIMEOUT",39997,"569"
"18787937_570","toar_regression_mda8_sub_39997","TIMEOUT",39997,"570"
"18787937_571","toar_regression_mda8_sub_39997","TIMEOUT",39997,"571"
"18787937_572","toar_regression_mda8_sub_39997","TIMEOUT",39997,"572"
"18787937_573","toar_regression_mda8_sub_39997","TIMEOUT",39997,"573"
"18787937_574","toar_regression_mda8_sub_39997","TIMEOUT",39997,"574"
"18787937_575","toar_regression_mda8_sub_39997","TIMEOUT",39997,"575"
"18787937_576","toar_regression_mda8_sub_39997","TIMEOUT",39997,"576"
"18787937_577","toar_regression_mda8_sub_39997","TIMEOUT",39997,"577"
"18787937_578","toar_regression_mda8_sub_39997","TIMEOUT",39997,"578"
"18787937_579","toar_regression_mda8_sub_39997","TIMEOUT",39997,"579"
"18787937_580","toar_regression_mda8_sub_39997","TIMEOUT",39997,"580"
"18787937_581","toar_regression_mda8_sub_39997","TIMEOUT",39997,"581"
"18787937_582","toar_regression_mda8_sub_39997","TIMEOUT",39997,"582"
"18787937_583","toar_regression_mda8_sub_39997","TIMEOUT",39997,"583"
"18787937_584","toar_regression_mda8_sub_39997","TIMEOUT",39997,"584"
"18787937_585","toar_regression_mda8_sub_39997","TIMEOUT",39997,"585"
"18787937_586","toar_regression_mda8_sub_39997","TIMEOUT",39997,"586"
"18787937_587","toar_regression_mda8_sub_39997","TIMEOUT",39997,"587"
"18787937_588","toar_regression_mda8_sub_39997","TIMEOUT",39997,"588"
"18787937_589","toar_regression_mda8_sub_39997","TIMEOUT",39997,"589"
"18787937_590","toar_regression_mda8_sub_39997","TIMEOUT",39997,"590"
"18787937_591","toar_regression_mda8_sub_39997","TIMEOUT",39997,"591"
"18787937_592","toar_regression_mda8_sub_39997","TIMEOUT",39997,"592"
"18787937_593","toar_regression_mda8_sub_39997","TIMEOUT",39997,"593"
"18787937_594","toar_regression_mda8_sub_39997","TIMEOUT",39997,"594"
"18787937_595","toar_regression_mda8_sub_39997","TIMEOUT",39997,"595"
"18787937_596","toar_regression_mda8_sub_39997","TIMEOUT",39997,"596"
"18787937_597","toar_regression_mda8_sub_39997","TIMEOUT",39997,"597"
"18787937_598","toar_regression_mda8_sub_39997","TIMEOUT",39997,"598"
"18787937_599","toar_regression_mda8_sub_39997","TIMEOUT",39997,"599"
"18787937_600","toar_regression_mda8_sub_39997","TIMEOUT",39997,"600"
"18787937_601","toar_regression_mda8_sub_39997","TIMEOUT",39997,"601"
"18787937_602","toar_regression_mda8_sub_39997","TIMEOUT",39997,"602"
"18787937_603","toar_regression_mda8_sub_39997","TIMEOUT",39997,"603"
"18787937_604","toar_regression_mda8_sub_39997","TIMEOUT",39997,"604"
"18787937_605","toar_regression_mda8_sub_39997","TIMEOUT",39997,"605"
"18787937_606","toar_regression_mda8_sub_39997","TIMEOUT",39997,"606"
"18787937_607","toar_regression_mda8_sub_39997","TIMEOUT",39997,"607"
"18787937_608","toar_regression_mda8_sub_39997","TIMEOUT",39997,"608"
"18787937_1321","toar_regression_mda8_sub_39997","FAILED",39997,"1321"
"18787937_1392","toar_regression_mda8_sub_39997","FAILED",39997,"1392"
"18787937_1398","toar_regression_mda8_sub_39997","FAILED",39997,"1398"
"18787937_3293","toar_regression_mda8_sub_39997","TIMEOUT",39997,"3293"
"18787937_3294","toar_regression_mda8_sub_39997","TIMEOUT",39997,"3294"
"18787937_3295","toar_regression_mda8_sub_39997","TIMEOUT",39997,"3295"
"18787937_3296","toar_regression_mda8_sub_39997","TIMEOUT",39997,"3296"
"18787937_3297","toar_regression_mda8_sub_39997","TIMEOUT",39997,"3297"
"18787937_3298","toar_regression_mda8_sub_39997","TIMEOUT",39997,"3298"
"18787937_3299","toar_regression_mda8_sub_39997","TIMEOUT",39997,"3299"
"18787937_3300","toar_regression_mda8_sub_39997","TIMEOUT",39997,"3300"
"18787937_3301","toar_regression_mda8_sub_39997","TIMEOUT",39997,"3301"
"18787937_3302","toar_regression_mda8_sub_39997","TIMEOUT",39997,"3302"
"18787937_3303","toar_regression_mda8_sub_39997","TIMEOUT",39997,"3303"
"18787937_3304","toar_regression_mda8_sub_39997","TIMEOUT",39997,"3304"
"18787937_3305","toar_regression_mda8_sub_39997","TIMEOUT",39997,"3305"
"18787937_3306","toar_regression_mda8_sub_39997","TIMEOUT",39997,"3306"
"18787937_3307","toar_regression_mda8_sub_39997","TIMEOUT",39997,"3307"
"18787937_3308","toar_regression_mda8_sub_39997","TIMEOUT",39997,"3308"
"18787937_3309","toar_regression_mda8_sub_39997","TIMEOUT",39997,"3309"
"18787937_3310","toar_regression_mda8_sub_39997","TIMEOUT",39997,"3310"
"18787937_3311","toar_regression_mda8_sub_39997","TIMEOUT",39997,"3311"
"18787937_3312","toar_regression_mda8_sub_39997","TIMEOUT",39997,"3312"
"18787937_3313","toar_regression_mda8_sub_39997","TIMEOUT",39997,"3313"
"18787937_3314","toar_regression_mda8_sub_39997","TIMEOUT",39997,"3314"
"18787937_3315","toar_regression_mda8_sub_39997","TIMEOUT",39997,"3315"
"18787937_3316","toar_regression_mda8_sub_39997","TIMEOUT",39997,"3316"
"18787937_4117","toar_regression_mda8_sub_39997","FAILED",39997,"4117"
"18787937_4188","toar_regression_mda8_sub_39997","FAILED",39997,"4188"
"18787937_4194","toar_regression_mda8_sub_39997","FAILED",39997,"4194"
"18787937_5083","toar_regression_mda8_sub_39997","TIMEOUT",39997,"5083"
"18787937_5181","toar_regression_mda8_sub_39997","TIMEOUT",39997,"5181"
"18787937_5182","toar_regression_mda8_sub_39997","TIMEOUT",39997,"5182"
"18787937_5183","toar_regression_mda8_sub_39997","TIMEOUT",39997,"5183"
"18787937_5184","toar_regression_mda8_sub_39997","TIMEOUT",39997,"5184"
"18787937_5185","toar_regression_mda8_sub_39997","TIMEOUT",39997,"5185"
"18787937_5186","toar_regression_mda8_sub_39997","TIMEOUT",39997,"5186"
"18787937_5187","toar_regression_mda8_sub_39997","TIMEOUT",39997,"5187"
"18787937_5188","toar_regression_mda8_sub_39997","TIMEOUT",39997,"5188"
"18787937_5189","toar_regression_mda8_sub_39997","TIMEOUT",39997,"5189"
"18787937_5190","toar_regression_mda8_sub_39997","TIMEOUT",39997,"5190"
"18787937_5191","toar_regression_mda8_sub_39997","TIMEOUT",39997,"5191"
"18787937_5192","toar_regression_mda8_sub_39997","TIMEOUT",39997,"5192"
"18787937_5193","toar_regression_mda8_sub_39997","TIMEOUT",39997,"5193"
"18787937_5194","toar_regression_mda8_sub_39997","TIMEOUT",39997,"5194"
"18787937_5195","toar_regression_mda8_sub_39997","TIMEOUT",39997,"5195"
"18787937_5196","toar_regression_mda8_sub_39997","TIMEOUT",39997,"5196"
"18787937_5197","toar_regression_mda8_sub_39997","TIMEOUT",39997,"5197"
"18787937_5198","toar_regression_mda8_sub_39997","TIMEOUT",39997,"5198"
"18787937_5199","toar_regression_mda8_sub_39997","TIMEOUT",39997,"5199"
"18787937_5200","toar_regression_mda8_sub_39997","TIMEOUT",39997,"5200"
"18787937_5201","toar_regression_mda8_sub_39997","TIMEOUT",39997,"5201"
"18787937_5202","toar_regression_mda8_sub_39997","TIMEOUT",39997,"5202"
"18787937_5203","toar_regression_mda8_sub_39997","TIMEOUT",39997,"5203"
"18787937_5204","toar_regression_mda8_sub_39997","TIMEOUT",39997,"5204"
"18787937_5205","toar_regression_mda8_sub_39997","TIMEOUT",39997,"5205"
"18787937_5206","toar_regression_mda8_sub_39997","TIMEOUT",39997,"5206"
"18787937_5207","toar_regression_mda8_sub_39997","TIMEOUT",39997,"5207"
"18787937_5208","toar_regression_mda8_sub_39997","TIMEOUT",39997,"5208"
"18787937_5209","toar_regression_mda8_sub_39997","TIMEOUT",39997,"5209"
"18787937_5210","toar_regression_mda8_sub_39997","TIMEOUT",39997,"5210"
"18787937_5211","toar_regression_mda8_sub_39997","TIMEOUT",39997,"5211"
"18787937_5212","toar_regression_mda8_sub_39997","TIMEOUT",39997,"5212"
"18787937_5213","toar_regression_mda8_sub_39997","TIMEOUT",39997,"5213"
"18787937_5214","toar_regression_mda8_sub_39997","TIMEOUT",39997,"5214"
"18787937_5215","toar_regression_mda8_sub_39997","TIMEOUT",39997,"5215"
"18787937_5216","toar_regression_mda8_sub_39997","TIMEOUT",39997,"5216"
"18787937_5217","toar_regression_mda8_sub_39997","TIMEOUT",39997,"5217"
"18787937_5218","toar_regression_mda8_sub_39997","TIMEOUT",39997,"5218"
"18787937_5219","toar_regression_mda8_sub_39997","TIMEOUT",39997,"5219"
"18787937_6913","toar_regression_mda8_sub_39997","FAILED",39997,"6913"
"18787937_6984","toar_regression_mda8_sub_39997","FAILED",39997,"6984"
"18787937_6990","toar_regression_mda8_sub_39997","FAILED",39997,"6990"
"18787937_7859","toar_regression_mda8_sub_39997","TIMEOUT",39997,"7859"
"18787937_7860","toar_regression_mda8_sub_39997","TIMEOUT",39997,"7860"
"18787937_7861","toar_regression_mda8_sub_39997","TIMEOUT",39997,"7861"
"18787937_7862","toar_regression_mda8_sub_39997","TIMEOUT",39997,"7862"
"18787937_7863","toar_regression_mda8_sub_39997","TIMEOUT",39997,"7863"
"18787937_7864","toar_regression_mda8_sub_39997","TIMEOUT",39997,"7864"
"18787937_7865","toar_regression_mda8_sub_39997","TIMEOUT",39997,"7865"
"18787937_7866","toar_regression_mda8_sub_39997","TIMEOUT",39997,"7866"
"18787937_7867","toar_regression_mda8_sub_39997","TIMEOUT",39997,"7867"
"18787937_7868","toar_regression_mda8_sub_39997","TIMEOUT",39997,"7868"
"18787937_7869","toar_regression_mda8_sub_39997","TIMEOUT",39997,"7869"
"18787937_7870","toar_regression_mda8_sub_39997","TIMEOUT",39997,"7870"
"18787937_7871","toar_regression_mda8_sub_39997","TIMEOUT",39997,"7871"
"18787937_7872","toar_regression_mda8_sub_39997","TIMEOUT",39997,"7872"
"18787937_7873","toar_regression_mda8_sub_39997","TIMEOUT",39997,"7873"
"18787937_7874","toar_regression_mda8_sub_39997","TIMEOUT",39997,"7874"
"18787937_7875","toar_regression_mda8_sub_39997","TIMEOUT",39997,"7875"
"18787937_7876","toar_regression_mda8_sub_39997","TIMEOUT",39997,"7876"
"18787937_7877","toar_regression_mda8_sub_39997","TIMEOUT",39997,"7877"
"18787937_7878","toar_regression_mda8_sub_39997","TIMEOUT",39997,"7878"
"18787937_7879","toar_regression_mda8_sub_39997","TIMEOUT",39997,"7879"
"18787937_7880","toar_regression_mda8_sub_39997","TIMEOUT",39997,"7880"
"18787937_7881","toar_regression_mda8_sub_39997","TIMEOUT",39997,"7881"
"18787937_7882","toar_regression_mda8_sub_39997","TIMEOUT",39997,"7882"
"18787937_7964","toar_regression_mda8_sub_39997","TIMEOUT",39997,"7964"
"18787937_7965","toar_regression_mda8_sub_39997","TIMEOUT",39997,"7965"
"18787937_7966","toar_regression_mda8_sub_39997","TIMEOUT",39997,"7966"
"18787937_7967","toar_regression_mda8_sub_39997","TIMEOUT",39997,"7967"
"18787937_7968","toar_regression_mda8_sub_39997","TIMEOUT",39997,"7968"
"18787937_7969","toar_regression_mda8_sub_39997","TIMEOUT",39997,"7969"
"18787937_7970","toar_regression_mda8_sub_39997","TIMEOUT",39997,"7970"
"18787937_7971","toar_regression_mda8_sub_39997","TIMEOUT",39997,"7971"
"18787937_7972","toar_regression_mda8_sub_39997","TIMEOUT",39997,"7972"
"18787937_7973","toar_regression_mda8_sub_39997","TIMEOUT",39997,"7973"
"18787937_7974","toar_regression_mda8_sub_39997","TIMEOUT",39997,"7974"
"18787937_7975","toar_regression_mda8_sub_39997","TIMEOUT",39997,"7975"
"18787937_7976","toar_regression_mda8_sub_39997","TIMEOUT",39997,"7976"
"18787937_7977","toar_regression_mda8_sub_39997","TIMEOUT",39997,"7977"
"18787937_7978","toar_regression_mda8_sub_39997","TIMEOUT",39997,"7978"
"18787937_7979","toar_regression_mda8_sub_39997","TIMEOUT",39997,"7979"
"18787937_7980","toar_regression_mda8_sub_39997","TIMEOUT",39997,"7980"
"18787937_7981","toar_regression_mda8_sub_39997","TIMEOUT",39997,"7981"
"18787937_7982","toar_regression_mda8_sub_39997","TIMEOUT",39997,"7982"
"18787937_7983","toar_regression_mda8_sub_39997","TIMEOUT",39997,"7983"
"18787937_7984","toar_regression_mda8_sub_39997","TIMEOUT",39997,"7984"
"18787937_7985","toar_regression_mda8_sub_39997","TIMEOUT",39997,"7985"
"18787937_7986","toar_regression_mda8_sub_39997","TIMEOUT",39997,"7986"
"18787937_7987","toar_regression_mda8_sub_39997","TIMEOUT",39997,"7987"
"18787937_9146","toar_regression_mda8_sub_39997","TIMEOUT",39997,"9146"
"18787937_9697","toar_regression_mda8_sub_39997","TIMEOUT",39997,"9697"
"18787937_9698","toar_regression_mda8_sub_39997","TIMEOUT",39997,"9698"
"18787937_9699","toar_regression_mda8_sub_39997","TIMEOUT",39997,"9699"
"18787937_9700","toar_regression_mda8_sub_39997","TIMEOUT",39997,"9700"
"18787937_9701","toar_regression_mda8_sub_39997","TIMEOUT",39997,"9701"
"18787937_9702","toar_regression_mda8_sub_39997","TIMEOUT",39997,"9702"
"18787937_9703","toar_regression_mda8_sub_39997","TIMEOUT",39997,"9703"
"18787937_9704","toar_regression_mda8_sub_39997","TIMEOUT",39997,"9704"
"18787937_9705","toar_regression_mda8_sub_39997","TIMEOUT",39997,"9705"
"18787937_9706","toar_regression_mda8_sub_39997","TIMEOUT",39997,"9706"
"18787937_9707","toar_regression_mda8_sub_39997","TIMEOUT",39997,"9707"
"18787937_9708","toar_regression_mda8_sub_39997","TIMEOUT",39997,"9708"
"18787937_9709","toar_regression_mda8_sub_39997","TIMEOUT",39997,"9709"
"18787937_9710","toar_regression_mda8_sub_39997","TIMEOUT",39997,"9710"
"18787937_9711","toar_regression_mda8_sub_39997","TIMEOUT",39997,"9711"
"18787937_9712","toar_regression_mda8_sub_39997","TIMEOUT",39997,"9712"
"18787937_9713","toar_regression_mda8_sub_39997","TIMEOUT",39997,"9713"
"18787937_9714","toar_regression_mda8_sub_39997","TIMEOUT",39997,"9714"
"18787937_9715","toar_regression_mda8_sub_39997","TIMEOUT",39997,"9715"
"18787937_9716","toar_regression_mda8_sub_39997","TIMEOUT",39997,"9716"
"18787937_9717","toar_regression_mda8_sub_39997","TIMEOUT",39997,"9717"
"18787937_9718","toar_regression_mda8_sub_39997","TIMEOUT",39997,"9718"
"18787937_9719","toar_regression_mda8_sub_39997","TIMEOUT",39997,"9719"
"18787937_9720","toar_regression_mda8_sub_39997","TIMEOUT",39997,"9720"
"18787937_9721","toar_regression_mda8_sub_39997","TIMEOUT",39997,"9721"
"18787937_9722","toar_regression_mda8_sub_39997","TIMEOUT",39997,"9722"
"18787937_9723","toar_regression_mda8_sub_39997","TIMEOUT",39997,"9723"
"18787937_9724","toar_regression_mda8_sub_39997","TIMEOUT",39997,"9724"
"18787937_9725","toar_regression_mda8_sub_39997","TIMEOUT",39997,"9725"
"18787937_9726","toar_regression_mda8_sub_39997","TIMEOUT",39997,"9726"
"18787937_9727","toar_regression_mda8_sub_39997","TIMEOUT",39997,"9727"
"18787937_9728","toar_regression_mda8_sub_39997","TIMEOUT",39997,"9728"
"18787937_9729","toar_regression_mda8_sub_39997","TIMEOUT",39997,"9729"
"18787937_9730","toar_regression_mda8_sub_39997","TIMEOUT",39997,"9730"
"18787937_9731","toar_regression_mda8_sub_39997","TIMEOUT",39997,"9731"
"18787937_9732","toar_regression_mda8_sub_39997","TIMEOUT",39997,"9732"
"18787937_9733","toar_regression_mda8_sub_39997","TIMEOUT",39997,"9733"
"18787937_9734","toar_regression_mda8_sub_39997","TIMEOUT",39997,"9734"
"18787937_9735","toar_regression_mda8_sub_39997","TIMEOUT",39997,"9735"
"18799765_8","toar_regression_mda8_sub_49996","TIMEOUT",49996,"8"
"18799765_9","toar_regression_mda8_sub_49996","TIMEOUT",49996,"9"
"18799765_445","toar_regression_mda8_sub_49996","TIMEOUT",49996,"445"
"18799765_446","toar_regression_mda8_sub_49996","TIMEOUT",49996,"446"
"18799765_447","toar_regression_mda8_sub_49996","TIMEOUT",49996,"447"
"18799765_461","toar_regression_mda8_sub_49996","TIMEOUT",49996,"461"
"18799765_462","toar_regression_mda8_sub_49996","TIMEOUT",49996,"462"
"18799765_463","toar_regression_mda8_sub_49996","TIMEOUT",49996,"463"
"18799765_570","toar_regression_mda8_sub_49996","TIMEOUT",49996,"570"
"18799765_571","toar_regression_mda8_sub_49996","TIMEOUT",49996,"571"
"18799765_572","toar_regression_mda8_sub_49996","TIMEOUT",49996,"572"
"18799765_573","toar_regression_mda8_sub_49996","TIMEOUT",49996,"573"
"18799765_574","toar_regression_mda8_sub_49996","TIMEOUT",49996,"574"
"18799765_575","toar_regression_mda8_sub_49996","TIMEOUT",49996,"575"
"18799765_576","toar_regression_mda8_sub_49996","TIMEOUT",49996,"576"
"18799765_577","toar_regression_mda8_sub_49996","TIMEOUT",49996,"577"
"18799765_578","toar_regression_mda8_sub_49996","TIMEOUT",49996,"578"
"18799765_579","toar_regression_mda8_sub_49996","TIMEOUT",49996,"579"
"18799765_580","toar_regression_mda8_sub_49996","TIMEOUT",49996,"580"
"18799765_581","toar_regression_mda8_sub_49996","TIMEOUT",49996,"581"
"18799765_582","toar_regression_mda8_sub_49996","TIMEOUT",49996,"582"
"18799765_583","toar_regression_mda8_sub_49996","TIMEOUT",49996,"583"
"18799765_584","toar_regression_mda8_sub_49996","TIMEOUT",49996,"584"
"18799765_585","toar_regression_mda8_sub_49996","TIMEOUT",49996,"585"
"18799765_586","toar_regression_mda8_sub_49996","TIMEOUT",49996,"586"
"18799765_587","toar_regression_mda8_sub_49996","TIMEOUT",49996,"587"
"18799765_588","toar_regression_mda8_sub_49996","TIMEOUT",49996,"588"
"18799765_589","toar_regression_mda8_sub_49996","TIMEOUT",49996,"589"
"18799765_590","toar_regression_mda8_sub_49996","TIMEOUT",49996,"590"
"18799765_591","toar_regression_mda8_sub_49996","TIMEOUT",49996,"591"
"18799765_592","toar_regression_mda8_sub_49996","TIMEOUT",49996,"592"
"18799765_593","toar_regression_mda8_sub_49996","TIMEOUT",49996,"593"
"18799765_594","toar_regression_mda8_sub_49996","TIMEOUT",49996,"594"
"18799765_595","toar_regression_mda8_sub_49996","TIMEOUT",49996,"595"
"18799765_596","toar_regression_mda8_sub_49996","TIMEOUT",49996,"596"
"18799765_597","toar_regression_mda8_sub_49996","TIMEOUT",49996,"597"
"18799765_598","toar_regression_mda8_sub_49996","TIMEOUT",49996,"598"
"18799765_599","toar_regression_mda8_sub_49996","TIMEOUT",49996,"599"
"18799765_668","toar_regression_mda8_sub_49996","TIMEOUT",49996,"668"
"18799765_669","toar_regression_mda8_sub_49996","TIMEOUT",49996,"669"
"18799765_670","toar_regression_mda8_sub_49996","TIMEOUT",49996,"670"
"18799765_671","toar_regression_mda8_sub_49996","TIMEOUT",49996,"671"
"18799765_672","toar_regression_mda8_sub_49996","TIMEOUT",49996,"672"
"18799765_673","toar_regression_mda8_sub_49996","TIMEOUT",49996,"673"
"18799765_674","toar_regression_mda8_sub_49996","TIMEOUT",49996,"674"
"18799765_675","toar_regression_mda8_sub_49996","TIMEOUT",49996,"675"
"18799765_676","toar_regression_mda8_sub_49996","TIMEOUT",49996,"676"
"18799765_677","toar_regression_mda8_sub_49996","TIMEOUT",49996,"677"
"18799765_678","toar_regression_mda8_sub_49996","TIMEOUT",49996,"678"
"18799765_679","toar_regression_mda8_sub_49996","TIMEOUT",49996,"679"
"18799765_680","toar_regression_mda8_sub_49996","TIMEOUT",49996,"680"
"18799765_681","toar_regression_mda8_sub_49996","TIMEOUT",49996,"681"
"18799765_682","toar_regression_mda8_sub_49996","TIMEOUT",49996,"682"
"18799765_683","toar_regression_mda8_sub_49996","TIMEOUT",49996,"683"
"18799765_684","toar_regression_mda8_sub_49996","TIMEOUT",49996,"684"
"18799765_685","toar_regression_mda8_sub_49996","TIMEOUT",49996,"685"
"18799765_686","toar_regression_mda8_sub_49996","TIMEOUT",49996,"686"
"18799765_687","toar_regression_mda8_sub_49996","TIMEOUT",49996,"687"
"18799765_688","toar_regression_mda8_sub_49996","TIMEOUT",49996,"688"
"18799765_689","toar_regression_mda8_sub_49996","TIMEOUT",49996,"689"
"18799765_690","toar_regression_mda8_sub_49996","TIMEOUT",49996,"690"
"18799765_691","toar_regression_mda8_sub_49996","TIMEOUT",49996,"691"
"18799765_692","toar_regression_mda8_sub_49996","TIMEOUT",49996,"692"
"18799765_693","toar_regression_mda8_sub_49996","TIMEOUT",49996,"693"
"18799765_694","toar_regression_mda8_sub_49996","TIMEOUT",49996,"694"
"18799765_695","toar_regression_mda8_sub_49996","TIMEOUT",49996,"695"
"18799765_696","toar_regression_mda8_sub_49996","TIMEOUT",49996,"696"
"18799765_697","toar_regression_mda8_sub_49996","TIMEOUT",49996,"697"
"18799765_698","toar_regression_mda8_sub_49996","TIMEOUT",49996,"698"
"18799765_699","toar_regression_mda8_sub_49996","TIMEOUT",49996,"699"
"18799765_700","toar_regression_mda8_sub_49996","TIMEOUT",49996,"700"
"18799765_3971","toar_regression_mda8_sub_49996","TIMEOUT",49996,"3971"
"18799765_3972","toar_regression_mda8_sub_49996","TIMEOUT",49996,"3972"
"18799765_4390","toar_regression_mda8_sub_49996","TIMEOUT",49996,"4390"
"18799765_4391","toar_regression_mda8_sub_49996","TIMEOUT",49996,"4391"
"18799765_4392","toar_regression_mda8_sub_49996","TIMEOUT",49996,"4392"
"18799765_4394","toar_regression_mda8_sub_49996","TIMEOUT",49996,"4394"
"18799765_4395","toar_regression_mda8_sub_49996","TIMEOUT",49996,"4395"
"18799765_4396","toar_regression_mda8_sub_49996","TIMEOUT",49996,"4396"
"18799765_4478","toar_regression_mda8_sub_49996","TIMEOUT",49996,"4478"
"18799765_4479","toar_regression_mda8_sub_49996","TIMEOUT",49996,"4479"
"18799765_4480","toar_regression_mda8_sub_49996","TIMEOUT",49996,"4480"
"18799765_4481","toar_regression_mda8_sub_49996","TIMEOUT",49996,"4481"
"18799765_4482","toar_regression_mda8_sub_49996","TIMEOUT",49996,"4482"
"18799765_4483","toar_regression_mda8_sub_49996","TIMEOUT",49996,"4483"
"18799765_4484","toar_regression_mda8_sub_49996","TIMEOUT",49996,"4484"
"18799765_4485","toar_regression_mda8_sub_49996","TIMEOUT",49996,"4485"
"18799765_4486","toar_regression_mda8_sub_49996","TIMEOUT",49996,"4486"
"18799765_4487","toar_regression_mda8_sub_49996","TIMEOUT",49996,"4487"
"18799765_4488","toar_regression_mda8_sub_49996","TIMEOUT",49996,"4488"
"18799765_4489","toar_regression_mda8_sub_49996","TIMEOUT",49996,"4489"
"18799765_4490","toar_regression_mda8_sub_49996","TIMEOUT",49996,"4490"
"18799765_4491","toar_regression_mda8_sub_49996","TIMEOUT",49996,"4491"
"18799765_4492","toar_regression_mda8_sub_49996","TIMEOUT",49996,"4492"
"18799765_4493","toar_regression_mda8_sub_49996","TIMEOUT",49996,"4493"
"18799765_4494","toar_regression_mda8_sub_49996","TIMEOUT",49996,"4494"
"18799765_4495","toar_regression_mda8_sub_49996","TIMEOUT",49996,"4495"
"18799765_4496","toar_regression_mda8_sub_49996","TIMEOUT",49996,"4496"
"18799765_4497","toar_regression_mda8_sub_49996","TIMEOUT",49996,"4497"
"18799765_4498","toar_regression_mda8_sub_49996","TIMEOUT",49996,"4498"
"18799765_4499","toar_regression_mda8_sub_49996","TIMEOUT",49996,"4499"
"18799765_4500","toar_regression_mda8_sub_49996","TIMEOUT",49996,"4500"
"18799765_4501","toar_regression_mda8_sub_49996","TIMEOUT",49996,"4501"
"18799765_4502","toar_regression_mda8_sub_49996","TIMEOUT",49996,"4502"
"18799765_4503","toar_regression_mda8_sub_49996","TIMEOUT",49996,"4503"
"18799765_4504","toar_regression_mda8_sub_49996","TIMEOUT",49996,"4504"
"18799765_4505","toar_regression_mda8_sub_49996","TIMEOUT",49996,"4505"
"18799765_4506","toar_regression_mda8_sub_49996","TIMEOUT",49996,"4506"
"18799765_4507","toar_regression_mda8_sub_49996","TIMEOUT",49996,"4507"
"18799765_4572","toar_regression_mda8_sub_49996","TIMEOUT",49996,"4572"
"18799765_4573","toar_regression_mda8_sub_49996","TIMEOUT",49996,"4573"
"18799765_4574","toar_regression_mda8_sub_49996","TIMEOUT",49996,"4574"
"18799765_4575","toar_regression_mda8_sub_49996","TIMEOUT",49996,"4575"
"18799765_4576","toar_regression_mda8_sub_49996","TIMEOUT",49996,"4576"
"18799765_4577","toar_regression_mda8_sub_49996","TIMEOUT",49996,"4577"
"18799765_4578","toar_regression_mda8_sub_49996","TIMEOUT",49996,"4578"
"18799765_4579","toar_regression_mda8_sub_49996","TIMEOUT",49996,"4579"
"18799765_4580","toar_regression_mda8_sub_49996","TIMEOUT",49996,"4580"
"18799765_4581","toar_regression_mda8_sub_49996","TIMEOUT",49996,"4581"
"18799765_4582","toar_regression_mda8_sub_49996","TIMEOUT",49996,"4582"
"18799765_4583","toar_regression_mda8_sub_49996","TIMEOUT",49996,"4583"
"18799765_4584","toar_regression_mda8_sub_49996","TIMEOUT",49996,"4584"
"18799765_4585","toar_regression_mda8_sub_49996","TIMEOUT",49996,"4585"
"18799765_4586","toar_regression_mda8_sub_49996","TIMEOUT",49996,"4586"
"18799765_4587","toar_regression_mda8_sub_49996","TIMEOUT",49996,"4587"
"18799765_4588","toar_regression_mda8_sub_49996","TIMEOUT",49996,"4588"
"18799765_4589","toar_regression_mda8_sub_49996","TIMEOUT",49996,"4589"
"18799765_4590","toar_regression_mda8_sub_49996","TIMEOUT",49996,"4590"
"18799765_4591","toar_regression_mda8_sub_49996","TIMEOUT",49996,"4591"
"18799765_4592","toar_regression_mda8_sub_49996","TIMEOUT",49996,"4592"
"18799765_4593","toar_regression_mda8_sub_49996","TIMEOUT",49996,"4593"
"18799765_4594","toar_regression_mda8_sub_49996","TIMEOUT",49996,"4594"
"18799765_4595","toar_regression_mda8_sub_49996","TIMEOUT",49996,"4595"
"18799765_4596","toar_regression_mda8_sub_49996","TIMEOUT",49996,"4596"
"18799765_4597","toar_regression_mda8_sub_49996","TIMEOUT",49996,"4597"
"18799765_4598","toar_regression_mda8_sub_49996","TIMEOUT",49996,"4598"
"18799765_4818","toar_regression_mda8_sub_49996","TIMEOUT",49996,"4818"
"18799765_4819","toar_regression_mda8_sub_49996","TIMEOUT",49996,"4819"
"18799765_7906","toar_regression_mda8_sub_49996","TIMEOUT",49996,"7906"
"18799765_7907","toar_regression_mda8_sub_49996","TIMEOUT",49996,"7907"
"18799765_7908","toar_regression_mda8_sub_49996","TIMEOUT",49996,"7908"
"18799765_7909","toar_regression_mda8_sub_49996","TIMEOUT",49996,"7909"
"18799765_7910","toar_regression_mda8_sub_49996","TIMEOUT",49996,"7910"
"18799765_7911","toar_regression_mda8_sub_49996","TIMEOUT",49996,"7911"
"18799765_7912","toar_regression_mda8_sub_49996","TIMEOUT",49996,"7912"
"18799765_7913","toar_regression_mda8_sub_49996","TIMEOUT",49996,"7913"
"18799765_7914","toar_regression_mda8_sub_49996","TIMEOUT",49996,"7914"
"18799765_7915","toar_regression_mda8_sub_49996","TIMEOUT",49996,"7915"
"18799765_7916","toar_regression_mda8_sub_49996","TIMEOUT",49996,"7916"
"18799765_7918","toar_regression_mda8_sub_49996","TIMEOUT",49996,"7918"
"18799765_7919","toar_regression_mda8_sub_49996","TIMEOUT",49996,"7919"
"18799765_7920","toar_regression_mda8_sub_49996","TIMEOUT",49996,"7920"
"18799765_7926","toar_regression_mda8_sub_49996","TIMEOUT",49996,"7926"
"18799765_7927","toar_regression_mda8_sub_49996","TIMEOUT",49996,"7927"
"18799765_7928","toar_regression_mda8_sub_49996","TIMEOUT",49996,"7928"
"18799765_7929","toar_regression_mda8_sub_49996","TIMEOUT",49996,"7929"
"18799765_7930","toar_regression_mda8_sub_49996","TIMEOUT",49996,"7930"
"18799765_7931","toar_regression_mda8_sub_49996","TIMEOUT",49996,"7931"
"18799765_7932","toar_regression_mda8_sub_49996","TIMEOUT",49996,"7932"
"18799765_7933","toar_regression_mda8_sub_49996","TIMEOUT",49996,"7933"
"18799765_7934","toar_regression_mda8_sub_49996","TIMEOUT",49996,"7934"
"18799765_7935","toar_regression_mda8_sub_49996","TIMEOUT",49996,"7935"
"18799765_7936","toar_regression_mda8_sub_49996","TIMEOUT",49996,"7936"
"18799765_7937","toar_regression_mda8_sub_49996","TIMEOUT",49996,"7937"
"18799765_7938","toar_regression_mda8_sub_49996","TIMEOUT",49996,"7938"
"18799765_7939","toar_regression_mda8_sub_49996","TIMEOUT",49996,"7939"
"18799765_7940","toar_regression_mda8_sub_49996","TIMEOUT",49996,"7940"
"18799765_7941","toar_regression_mda8_sub_49996","TIMEOUT",49996,"7941"
"18799765_7942","toar_regression_mda8_sub_49996","TIMEOUT",49996,"7942"
"18799765_7943","toar_regression_mda8_sub_49996","TIMEOUT",49996,"7943"
"18799765_7944","toar_regression_mda8_sub_49996","TIMEOUT",49996,"7944"
"18799765_7945","toar_regression_mda8_sub_49996","TIMEOUT",49996,"7945"
"18799765_7946","toar_regression_mda8_sub_49996","TIMEOUT",49996,"7946"
"18799765_7947","toar_regression_mda8_sub_49996","TIMEOUT",49996,"7947"
"18799765_7948","toar_regression_mda8_sub_49996","TIMEOUT",49996,"7948"
"18799765_7949","toar_regression_mda8_sub_49996","TIMEOUT",49996,"7949"
"18799765_7950","toar_regression_mda8_sub_49996","TIMEOUT",49996,"7950"
"18799765_7951","toar_regression_mda8_sub_49996","TIMEOUT",49996,"7951"
"18799765_7952","toar_regression_mda8_sub_49996","TIMEOUT",49996,"7952"
"18799765_7953","toar_regression_mda8_sub_49996","TIMEOUT",49996,"7953"
"18799765_7961","toar_regression_mda8_sub_49996","TIMEOUT",49996,"7961"
"18799765_7962","toar_regression_mda8_sub_49996","TIMEOUT",49996,"7962"
"18799765_7963","toar_regression_mda8_sub_49996","TIMEOUT",49996,"7963"
"18799765_7964","toar_regression_mda8_sub_49996","TIMEOUT",49996,"7964"
"18799765_7965","toar_regression_mda8_sub_49996","TIMEOUT",49996,"7965"
"18799765_7966","toar_regression_mda8_sub_49996","TIMEOUT",49996,"7966"
"18799765_7967","toar_regression_mda8_sub_49996","TIMEOUT",49996,"7967"
"18799765_7968","toar_regression_mda8_sub_49996","TIMEOUT",49996,"7968"
"18799765_7969","toar_regression_mda8_sub_49996","TIMEOUT",49996,"7969"
"18799765_7970","toar_regression_mda8_sub_49996","TIMEOUT",49996,"7970"
"18799765_7971","toar_regression_mda8_sub_49996","TIMEOUT",49996,"7971"
"18799765_7972","toar_regression_mda8_sub_49996","TIMEOUT",49996,"7972"
"18799765_7973","toar_regression_mda8_sub_49996","TIMEOUT",49996,"7973"
"18799765_7974","toar_regression_mda8_sub_49996","TIMEOUT",49996,"7974"
"18799765_7975","toar_regression_mda8_sub_49996","TIMEOUT",49996,"7975"
"18799765_7976","toar_regression_mda8_sub_49996","TIMEOUT",49996,"7976"
"18799765_7977","toar_regression_mda8_sub_49996","TIMEOUT",49996,"7977"
"18799765_7978","toar_regression_mda8_sub_49996","TIMEOUT",49996,"7978"
"18799765_7979","toar_regression_mda8_sub_49996","TIMEOUT",49996,"7979"
"18799765_7980","toar_regression_mda8_sub_49996","TIMEOUT",49996,"7980"
"18799765_7981","toar_regression_mda8_sub_49996","TIMEOUT",49996,"7981"
"18799765_7982","toar_regression_mda8_sub_49996","TIMEOUT",49996,"7982"
"18799765_7983","toar_regression_mda8_sub_49996","TIMEOUT",49996,"7983"
"18799765_7984","toar_regression_mda8_sub_49996","TIMEOUT",49996,"7984"
"18799765_7985","toar_regression_mda8_sub_49996","TIMEOUT",49996,"7985"
"18799765_7986","toar_regression_mda8_sub_49996","TIMEOUT",49996,"7986"
"18799765_7987","toar_regression_mda8_sub_49996","TIMEOUT",49996,"7987"
"18799765_7988","toar_regression_mda8_sub_49996","TIMEOUT",49996,"7988"
"18799765_7989","toar_regression_mda8_sub_49996","TIMEOUT",49996,"7989"
"18799765_7990","toar_regression_mda8_sub_49996","TIMEOUT",49996,"7990"
"18799765_7991","toar_regression_mda8_sub_49996","TIMEOUT",49996,"7991"
"18799765_7992","toar_regression_mda8_sub_49996","TIMEOUT",49996,"7992"
"18799765_7993","toar_regression_mda8_sub_49996","TIMEOUT",49996,"7993"
"18799765_7994","toar_regression_mda8_sub_49996","TIMEOUT",49996,"7994"
"18799765_7995","toar_regression_mda8_sub_49996","TIMEOUT",49996,"7995"
"18799765_7996","toar_regression_mda8_sub_49996","TIMEOUT",49996,"7996"
"18799765_7997","toar_regression_mda8_sub_49996","TIMEOUT",49996,"7997"
"18799765_7998","toar_regression_mda8_sub_49996","TIMEOUT",49996,"7998"
"18799765_7999","toar_regression_mda8_sub_49996","TIMEOUT",49996,"7999"
"18799765_8000","toar_regression_mda8_sub_49996","TIMEOUT",49996,"8000"
"18799765_8001","toar_regression_mda8_sub_49996","TIMEOUT",49996,"8001"
"18799765_8002","toar_regression_mda8_sub_49996","TIMEOUT",49996,"8002"
"18799765_8003","toar_regression_mda8_sub_49996","TIMEOUT",49996,"8003"
"18799765_8004","toar_regression_mda8_sub_49996","TIMEOUT",49996,"8004"
"18799765_8005","toar_regression_mda8_sub_49996","TIMEOUT",49996,"8005"
"18799765_8006","toar_regression_mda8_sub_49996","TIMEOUT",49996,"8006"
"18799765_8007","toar_regression_mda8_sub_49996","TIMEOUT",49996,"8007"
"18799765_8008","toar_regression_mda8_sub_49996","TIMEOUT",49996,"8008"
"18799765_8032","toar_regression_mda8_sub_49996","TIMEOUT",49996,"8032"
"18799765_8033","toar_regression_mda8_sub_49996","TIMEOUT",49996,"8033"
"18799765_8034","toar_regression_mda8_sub_49996","TIMEOUT",49996,"8034"
"18799765_8035","toar_regression_mda8_sub_49996","TIMEOUT",49996,"8035"
"18799765_8036","toar_regression_mda8_sub_49996","TIMEOUT",49996,"8036"
"18799765_8037","toar_regression_mda8_sub_49996","TIMEOUT",49996,"8037"
"18799765_8186","toar_regression_mda8_sub_49996","TIMEOUT",49996,"8186"
"18799765_8187","toar_regression_mda8_sub_49996","TIMEOUT",49996,"8187"
"18799765_8188","toar_regression_mda8_sub_49996","TIMEOUT",49996,"8188"
"18799765_8189","toar_regression_mda8_sub_49996","TIMEOUT",49996,"8189"
"18799765_8190","toar_regression_mda8_sub_49996","TIMEOUT",49996,"8190"
"18799765_8191","toar_regression_mda8_sub_49996","TIMEOUT",49996,"8191"
"18799765_8192","toar_regression_mda8_sub_49996","TIMEOUT",49996,"8192"
"18799765_8193","toar_regression_mda8_sub_49996","TIMEOUT",49996,"8193"
"18799765_8194","toar_regression_mda8_sub_49996","TIMEOUT",49996,"8194"
"18799765_8195","toar_regression_mda8_sub_49996","TIMEOUT",49996,"8195"
"18799765_8196","toar_regression_mda8_sub_49996","TIMEOUT",49996,"8196"
"18799765_8197","toar_regression_mda8_sub_49996","TIMEOUT",49996,"8197"
"18799765_8198","toar_regression_mda8_sub_49996","TIMEOUT",49996,"8198"
"18799765_8199","toar_regression_mda8_sub_49996","TIMEOUT",49996,"8199"
"18799765_8200","toar_regression_mda8_sub_49996","TIMEOUT",49996,"8200"
"18799765_8201","toar_regression_mda8_sub_49996","TIMEOUT",49996,"8201"
"18799765_8202","toar_regression_mda8_sub_49996","TIMEOUT",49996,"8202"
"18799765_8203","toar_regression_mda8_sub_49996","TIMEOUT",49996,"8203"
"18799765_8204","toar_regression_mda8_sub_49996","TIMEOUT",49996,"8204"
"18799765_8205","toar_regression_mda8_sub_49996","TIMEOUT",49996,"8205"
"18799765_8206","toar_regression_mda8_sub_49996","TIMEOUT",49996,"8206"
"18799765_8207","toar_regression_mda8_sub_49996","TIMEOUT",49996,"8207"
"18799765_8208","toar_regression_mda8_sub_49996","TIMEOUT",49996,"8208"
"18799765_8209","toar_regression_mda8_sub_49996","TIMEOUT",49996,"8209"
"18799765_8210","toar_regression_mda8_sub_49996","TIMEOUT",49996,"8210"
"18799765_8211","toar_regression_mda8_sub_49996","TIMEOUT",49996,"8211"
"18799765_8212","toar_regression_mda8_sub_49996","TIMEOUT",49996,"8212"
"18799765_8213","toar_regression_mda8_sub_49996","TIMEOUT",49996,"8213"
"18799765_8214","toar_regression_mda8_sub_49996","TIMEOUT",49996,"8214"
"18799765_8215","toar_regression_mda8_sub_49996","TIMEOUT",49996,"8215"
"18799765_8256","toar_regression_mda8_sub_49996","TIMEOUT",49996,"8256"
"18799765_8257","toar_regression_mda8_sub_49996","TIMEOUT",49996,"8257"
"18799765_8258","toar_regression_mda8_sub_49996","TIMEOUT",49996,"8258"
"18799765_8259","toar_regression_mda8_sub_49996","TIMEOUT",49996,"8259"
"18799765_8260","toar_regression_mda8_sub_49996","TIMEOUT",49996,"8260"
"18799765_8261","toar_regression_mda8_sub_49996","TIMEOUT",49996,"8261"
"18799765_8262","toar_regression_mda8_sub_49996","TIMEOUT",49996,"8262"
"18799765_8263","toar_regression_mda8_sub_49996","TIMEOUT",49996,"8263"
"18799765_8264","toar_regression_mda8_sub_49996","TIMEOUT",49996,"8264"
"18799765_8265","toar_regression_mda8_sub_49996","TIMEOUT",49996,"8265"
"18799765_8266","toar_regression_mda8_sub_49996","TIMEOUT",49996,"8266"
"18799765_8267","toar_regression_mda8_sub_49996","TIMEOUT",49996,"8267"
"18799765_8268","toar_regression_mda8_sub_49996","TIMEOUT",49996,"8268"
"18799765_8269","toar_regression_mda8_sub_49996","TIMEOUT",49996,"8269"
"18799765_8270","toar_regression_mda8_sub_49996","TIMEOUT",49996,"8270"
"18799765_8271","toar_regression_mda8_sub_49996","TIMEOUT",49996,"8271"
"18799765_8272","toar_regression_mda8_sub_49996","TIMEOUT",49996,"8272"
"18799765_8273","toar_regression_mda8_sub_49996","TIMEOUT",49996,"8273"
"18799765_8274","toar_regression_mda8_sub_49996","TIMEOUT",49996,"8274"
"18799765_8275","toar_regression_mda8_sub_49996","TIMEOUT",49996,"8275"
"18799765_8276","toar_regression_mda8_sub_49996","TIMEOUT",49996,"8276"
"18799765_8277","toar_regression_mda8_sub_49996","TIMEOUT",49996,"8277"
"18799765_8278","toar_regression_mda8_sub_49996","TIMEOUT",49996,"8278"
"18799765_8279","toar_regression_mda8_sub_49996","TIMEOUT",49996,"8279"
"18799765_8280","toar_regression_mda8_sub_49996","TIMEOUT",49996,"8280"
"18799765_8281","toar_regression_mda8_sub_49996","TIMEOUT",49996,"8281"
"18799765_8282","toar_regression_mda8_sub_49996","TIMEOUT",49996,"8282"
"18799765_8872","toar_regression_mda8_sub_49996","TIMEOUT",49996,"8872"
"18799765_8873","toar_regression_mda8_sub_49996","TIMEOUT",49996,"8873"
"18810849_529","toar_regression_mda8_sub_59995","TIMEOUT",59995,"529"
"18810849_530","toar_regression_mda8_sub_59995","TIMEOUT",59995,"530"
"18810849_2597","toar_regression_mda8_sub_59995","TIMEOUT",59995,"2597"
"18810849_2598","toar_regression_mda8_sub_59995","TIMEOUT",59995,"2598"
"18810849_2599","toar_regression_mda8_sub_59995","TIMEOUT",59995,"2599"
"18810849_2600","toar_regression_mda8_sub_59995","TIMEOUT",59995,"2600"
"18810849_2601","toar_regression_mda8_sub_59995","TIMEOUT",59995,"2601"
"18810849_2602","toar_regression_mda8_sub_59995","TIMEOUT",59995,"2602"
"18810849_2603","toar_regression_mda8_sub_59995","TIMEOUT",59995,"2603"
"18810849_2604","toar_regression_mda8_sub_59995","TIMEOUT",59995,"2604"
"18810849_2605","toar_regression_mda8_sub_59995","TIMEOUT",59995,"2605"
"18810849_2606","toar_regression_mda8_sub_59995","TIMEOUT",59995,"2606"
"18810849_2607","toar_regression_mda8_sub_59995","TIMEOUT",59995,"2607"
"18810849_2608","toar_regression_mda8_sub_59995","TIMEOUT",59995,"2608"
"18810849_2609","toar_regression_mda8_sub_59995","TIMEOUT",59995,"2609"
"18810849_2610","toar_regression_mda8_sub_59995","TIMEOUT",59995,"2610"
"18810849_2611","toar_regression_mda8_sub_59995","TIMEOUT",59995,"2611"
"18810849_2612","toar_regression_mda8_sub_59995","TIMEOUT",59995,"2612"
"18810849_2613","toar_regression_mda8_sub_59995","TIMEOUT",59995,"2613"
"18810849_2614","toar_regression_mda8_sub_59995","TIMEOUT",59995,"2614"
"18810849_2615","toar_regression_mda8_sub_59995","TIMEOUT",59995,"2615"
"18810849_2616","toar_regression_mda8_sub_59995","TIMEOUT",59995,"2616"
"18810849_2617","toar_regression_mda8_sub_59995","TIMEOUT",59995,"2617"
"18810849_2618","toar_regression_mda8_sub_59995","TIMEOUT",59995,"2618"
"18810849_2619","toar_regression_mda8_sub_59995","TIMEOUT",59995,"2619"
"18810849_2620","toar_regression_mda8_sub_59995","TIMEOUT",59995,"2620"
"18810849_2621","toar_regression_mda8_sub_59995","TIMEOUT",59995,"2621"
"18810849_2622","toar_regression_mda8_sub_59995","TIMEOUT",59995,"2622"
"18810849_2623","toar_regression_mda8_sub_59995","TIMEOUT",59995,"2623"
"18810849_2624","toar_regression_mda8_sub_59995","TIMEOUT",59995,"2624"
"18810849_2645","toar_regression_mda8_sub_59995","TIMEOUT",59995,"2645"
"18810849_2646","toar_regression_mda8_sub_59995","TIMEOUT",59995,"2646"
"18810849_2647","toar_regression_mda8_sub_59995","TIMEOUT",59995,"2647"
"18810849_2648","toar_regression_mda8_sub_59995","TIMEOUT",59995,"2648"
"18810849_2649","toar_regression_mda8_sub_59995","TIMEOUT",59995,"2649"
"18810849_2650","toar_regression_mda8_sub_59995","TIMEOUT",59995,"2650"
"18810849_2651","toar_regression_mda8_sub_59995","TIMEOUT",59995,"2651"
"18810849_2652","toar_regression_mda8_sub_59995","TIMEOUT",59995,"2652"
"18810849_2653","toar_regression_mda8_sub_59995","TIMEOUT",59995,"2653"
"18810849_2654","toar_regression_mda8_sub_59995","TIMEOUT",59995,"2654"
"18810849_2655","toar_regression_mda8_sub_59995","TIMEOUT",59995,"2655"
"18810849_2656","toar_regression_mda8_sub_59995","TIMEOUT",59995,"2656"
"18810849_2657","toar_regression_mda8_sub_59995","TIMEOUT",59995,"2657"
"18810849_2658","toar_regression_mda8_sub_59995","TIMEOUT",59995,"2658"
"18810849_2659","toar_regression_mda8_sub_59995","TIMEOUT",59995,"2659"
"18810849_2660","toar_regression_mda8_sub_59995","TIMEOUT",59995,"2660"
"18810849_2661","toar_regression_mda8_sub_59995","TIMEOUT",59995,"2661"
"18810849_2662","toar_regression_mda8_sub_59995","TIMEOUT",59995,"2662"
"18810849_2663","toar_regression_mda8_sub_59995","TIMEOUT",59995,"2663"
"18810849_2664","toar_regression_mda8_sub_59995","TIMEOUT",59995,"2664"
"18810849_2665","toar_regression_mda8_sub_59995","TIMEOUT",59995,"2665"
"18810849_2666","toar_regression_mda8_sub_59995","TIMEOUT",59995,"2666"
"18810849_2667","toar_regression_mda8_sub_59995","TIMEOUT",59995,"2667"
"18810849_2668","toar_regression_mda8_sub_59995","TIMEOUT",59995,"2668"
"18810849_2669","toar_regression_mda8_sub_59995","TIMEOUT",59995,"2669"
"18810849_2670","toar_regression_mda8_sub_59995","TIMEOUT",59995,"2670"
"18810849_2671","toar_regression_mda8_sub_59995","TIMEOUT",59995,"2671"
"18810849_2672","toar_regression_mda8_sub_59995","TIMEOUT",59995,"2672"
"18810849_2673","toar_regression_mda8_sub_59995","TIMEOUT",59995,"2673"
"18810849_2674","toar_regression_mda8_sub_59995","TIMEOUT",59995,"2674"
"18810849_2675","toar_regression_mda8_sub_59995","TIMEOUT",59995,"2675"
"18810849_2676","toar_regression_mda8_sub_59995","TIMEOUT",59995,"2676"
"18810849_2677","toar_regression_mda8_sub_59995","TIMEOUT",59995,"2677"
"18810849_2678","toar_regression_mda8_sub_59995","TIMEOUT",59995,"2678"
"18810849_2679","toar_regression_mda8_sub_59995","TIMEOUT",59995,"2679"
"18810849_2680","toar_regression_mda8_sub_59995","TIMEOUT",59995,"2680"
"18810849_2681","toar_regression_mda8_sub_59995","TIMEOUT",59995,"2681"
"18810849_2682","toar_regression_mda8_sub_59995","TIMEOUT",59995,"2682"
"18810849_2683","toar_regression_mda8_sub_59995","TIMEOUT",59995,"2683"
"18810849_2684","toar_regression_mda8_sub_59995","TIMEOUT",59995,"2684"
"18810849_2685","toar_regression_mda8_sub_59995","TIMEOUT",59995,"2685"
"18810849_2686","toar_regression_mda8_sub_59995","TIMEOUT",59995,"2686"
"18810849_2687","toar_regression_mda8_sub_59995","TIMEOUT",59995,"2687"
"18810849_2688","toar_regression_mda8_sub_59995","TIMEOUT",59995,"2688"
"18810849_2689","toar_regression_mda8_sub_59995","TIMEOUT",59995,"2689"
"18810849_2690","toar_regression_mda8_sub_59995","TIMEOUT",59995,"2690"
"18810849_2691","toar_regression_mda8_sub_59995","TIMEOUT",59995,"2691"
"18810849_2692","toar_regression_mda8_sub_59995","TIMEOUT",59995,"2692"
"18810849_2693","toar_regression_mda8_sub_59995","TIMEOUT",59995,"2693"
"18810849_2694","toar_regression_mda8_sub_59995","TIMEOUT",59995,"2694"
"18810849_2695","toar_regression_mda8_sub_59995","TIMEOUT",59995,"2695"
"18810849_2696","toar_regression_mda8_sub_59995","TIMEOUT",59995,"2696"
"18810849_2697","toar_regression_mda8_sub_59995","TIMEOUT",59995,"2697"
"18810849_2698","toar_regression_mda8_sub_59995","TIMEOUT",59995,"2698"
"18810849_2699","toar_regression_mda8_sub_59995","TIMEOUT",59995,"2699"
"18810849_2700","toar_regression_mda8_sub_59995","TIMEOUT",59995,"2700"
"18810849_2701","toar_regression_mda8_sub_59995","TIMEOUT",59995,"2701"
"18810849_2702","toar_regression_mda8_sub_59995","TIMEOUT",59995,"2702"
"18810849_2703","toar_regression_mda8_sub_59995","TIMEOUT",59995,"2703"
"18810849_2704","toar_regression_mda8_sub_59995","TIMEOUT",59995,"2704"
"18810849_2705","toar_regression_mda8_sub_59995","TIMEOUT",59995,"2705"
"18810849_2706","toar_regression_mda8_sub_59995","TIMEOUT",59995,"2706"
"18810849_2707","toar_regression_mda8_sub_59995","TIMEOUT",59995,"2707"
"18810849_2781","toar_regression_mda8_sub_59995","TIMEOUT",59995,"2781"
"18810849_2782","toar_regression_mda8_sub_59995","TIMEOUT",59995,"2782"
"18810849_2783","toar_regression_mda8_sub_59995","TIMEOUT",59995,"2783"
"18810849_2784","toar_regression_mda8_sub_59995","TIMEOUT",59995,"2784"
"18810849_3176","toar_regression_mda8_sub_59995","TIMEOUT",59995,"3176"
"18810849_3177","toar_regression_mda8_sub_59995","TIMEOUT",59995,"3177"
"18810849_3178","toar_regression_mda8_sub_59995","TIMEOUT",59995,"3178"
"18810849_3179","toar_regression_mda8_sub_59995","TIMEOUT",59995,"3179"
"18810849_3180","toar_regression_mda8_sub_59995","TIMEOUT",59995,"3180"
"18810849_3181","toar_regression_mda8_sub_59995","TIMEOUT",59995,"3181"
"18810849_3182","toar_regression_mda8_sub_59995","TIMEOUT",59995,"3182"
"18810849_3183","toar_regression_mda8_sub_59995","TIMEOUT",59995,"3183"
"18810849_3184","toar_regression_mda8_sub_59995","TIMEOUT",59995,"3184"
"18810849_3185","toar_regression_mda8_sub_59995","TIMEOUT",59995,"3185"
"18810849_3186","toar_regression_mda8_sub_59995","TIMEOUT",59995,"3186"
"18810849_3187","toar_regression_mda8_sub_59995","TIMEOUT",59995,"3187"
"18810849_3188","toar_regression_mda8_sub_59995","TIMEOUT",59995,"3188"
"18810849_3189","toar_regression_mda8_sub_59995","TIMEOUT",59995,"3189"
"18810849_3190","toar_regression_mda8_sub_59995","TIMEOUT",59995,"3190"
"18810849_3191","toar_regression_mda8_sub_59995","TIMEOUT",59995,"3191"
"18810849_3192","toar_regression_mda8_sub_59995","TIMEOUT",59995,"3192"
"18810849_3193","toar_regression_mda8_sub_59995","TIMEOUT",59995,"3193"
"18810849_3194","toar_regression_mda8_sub_59995","TIMEOUT",59995,"3194"
"18810849_8118","toar_regression_mda8_sub_59995","FAILED",59995,"8118"
"18810849_8189","toar_regression_mda8_sub_59995","FAILED",59995,"8189"
"18810849_8195","toar_regression_mda8_sub_59995","FAILED",59995,"8195"
"18810849_8431","toar_regression_mda8_sub_59995","TIMEOUT",59995,"8431"
"18810849_8432","toar_regression_mda8_sub_59995","TIMEOUT",59995,"8432"
"18810849_8433","toar_regression_mda8_sub_59995","TIMEOUT",59995,"8433"
"18810849_8434","toar_regression_mda8_sub_59995","TIMEOUT",59995,"8434"
"18810849_8435","toar_regression_mda8_sub_59995","TIMEOUT",59995,"8435"
"18810849_8436","toar_regression_mda8_sub_59995","TIMEOUT",59995,"8436"
"18810849_8437","toar_regression_mda8_sub_59995","TIMEOUT",59995,"8437"
"18810849_8438","toar_regression_mda8_sub_59995","TIMEOUT",59995,"8438"
"18810849_8439","toar_regression_mda8_sub_59995","TIMEOUT",59995,"8439"
"18810849_8440","toar_regression_mda8_sub_59995","TIMEOUT",59995,"8440"
"18810849_8441","toar_regression_mda8_sub_59995","TIMEOUT",59995,"8441"
"18810849_8442","toar_regression_mda8_sub_59995","TIMEOUT",59995,"8442"
"18810849_8443","toar_regression_mda8_sub_59995","TIMEOUT",59995,"8443"
"18810849_8444","toar_regression_mda8_sub_59995","TIMEOUT",59995,"8444"
"18810849_8445","toar_regression_mda8_sub_59995","TIMEOUT",59995,"8445"
"18810849_8446","toar_regression_mda8_sub_59995","TIMEOUT",59995,"8446"
"18810849_8447","toar_regression_mda8_sub_59995","TIMEOUT",59995,"8447"
"18810849_8448","toar_regression_mda8_sub_59995","TIMEOUT",59995,"8448"
"18810849_8449","toar_regression_mda8_sub_59995","TIMEOUT",59995,"8449"
"18810849_8450","toar_regression_mda8_sub_59995","TIMEOUT",59995,"8450"
"18810849_8451","toar_regression_mda8_sub_59995","TIMEOUT",59995,"8451"
"18810849_8452","toar_regression_mda8_sub_59995","TIMEOUT",59995,"8452"
"18810849_8453","toar_regression_mda8_sub_59995","TIMEOUT",59995,"8453"
"18810849_8454","toar_regression_mda8_sub_59995","TIMEOUT",59995,"8454"
"18810849_8455","toar_regression_mda8_sub_59995","TIMEOUT",59995,"8455"
"18810849_8456","toar_regression_mda8_sub_59995","TIMEOUT",59995,"8456"
"18810849_8457","toar_regression_mda8_sub_59995","TIMEOUT",59995,"8457"
"18810849_8458","toar_regression_mda8_sub_59995","TIMEOUT",59995,"8458"
"18810849_8459","toar_regression_mda8_sub_59995","TIMEOUT",59995,"8459"
"18810849_8460","toar_regression_mda8_sub_59995","TIMEOUT",59995,"8460"
"18810849_8461","toar_regression_mda8_sub_59995","TIMEOUT",59995,"8461"
"18810849_8462","toar_regression_mda8_sub_59995","TIMEOUT",59995,"8462"
"18810849_8463","toar_regression_mda8_sub_59995","TIMEOUT",59995,"8463"
"18810849_8464","toar_regression_mda8_sub_59995","TIMEOUT",59995,"8464"
"18810849_8465","toar_regression_mda8_sub_59995","TIMEOUT",59995,"8465"
"18810849_8466","toar_regression_mda8_sub_59995","TIMEOUT",59995,"8466"
"18810849_8467","toar_regression_mda8_sub_59995","TIMEOUT",59995,"8467"
"18810849_8468","toar_regression_mda8_sub_59995","TIMEOUT",59995,"8468"
"18810849_8469","toar_regression_mda8_sub_59995","TIMEOUT",59995,"8469"
"18810849_8470","toar_regression_mda8_sub_59995","TIMEOUT",59995,"8470"
"18810849_8471","toar_regression_mda8_sub_59995","TIMEOUT",59995,"8471"
"18810849_8472","toar_regression_mda8_sub_59995","TIMEOUT",59995,"8472"
"18810849_8473","toar_regression_mda8_sub_59995","TIMEOUT",59995,"8473"
"18810849_8474","toar_regression_mda8_sub_59995","TIMEOUT",59995,"8474"
"18810849_8475","toar_regression_mda8_sub_59995","TIMEOUT",59995,"8475"
"18810849_8476","toar_regression_mda8_sub_59995","TIMEOUT",59995,"8476"
"18810849_8477","toar_regression_mda8_sub_59995","TIMEOUT",59995,"8477"
"18810849_8478","toar_regression_mda8_sub_59995","TIMEOUT",59995,"8478"
"18810849_8479","toar_regression_mda8_sub_59995","TIMEOUT",59995,"8479"
"18810849_8480","toar_regression_mda8_sub_59995","TIMEOUT",59995,"8480"
"18810849_8481","toar_regression_mda8_sub_59995","TIMEOUT",59995,"8481"
"18810849_8482","toar_regression_mda8_sub_59995","TIMEOUT",59995,"8482"
"18810849_8483","toar_regression_mda8_sub_59995","TIMEOUT",59995,"8483"
"18810849_8484","toar_regression_mda8_sub_59995","TIMEOUT",59995,"8484"
"18810849_8485","toar_regression_mda8_sub_59995","TIMEOUT",59995,"8485"
"18810849_8486","toar_regression_mda8_sub_59995","TIMEOUT",59995,"8486"
"18810849_8487","toar_regression_mda8_sub_59995","TIMEOUT",59995,"8487"
"18810849_8488","toar_regression_mda8_sub_59995","TIMEOUT",59995,"8488"
"18810849_8489","toar_regression_mda8_sub_59995","TIMEOUT",59995,"8489"
"18810849_8490","toar_regression_mda8_sub_59995","TIMEOUT",59995,"8490"
"18810849_8491","toar_regression_mda8_sub_59995","TIMEOUT",59995,"8491"
"18810849_8492","toar_regression_mda8_sub_59995","TIMEOUT",59995,"8492"
"18810849_8493","toar_regression_mda8_sub_59995","TIMEOUT",59995,"8493"
"18810849_8494","toar_regression_mda8_sub_59995","TIMEOUT",59995,"8494"
"18810849_8495","toar_regression_mda8_sub_59995","TIMEOUT",59995,"8495"
"18810849_8496","toar_regression_mda8_sub_59995","TIMEOUT",59995,"8496"
"18810849_8497","toar_regression_mda8_sub_59995","TIMEOUT",59995,"8497"
"18810849_8498","toar_regression_mda8_sub_59995","TIMEOUT",59995,"8498"
"18810849_8499","toar_regression_mda8_sub_59995","TIMEOUT",59995,"8499"
"18810849_8500","toar_regression_mda8_sub_59995","TIMEOUT",59995,"8500"
"18810849_8501","toar_regression_mda8_sub_59995","TIMEOUT",59995,"8501"
"18810849_8502","toar_regression_mda8_sub_59995","TIMEOUT",59995,"8502"
